date,food_item,category,customers_count,quantity_prepared,quantity_sold,quantity_wasted,selling_price,discount,temperature,rainfall,is_weekend,is_holiday,is_exam_day,ingredient_cost,revenue,day_of_week,month,lag_1_sales,rolling_7_sales_avg
2025-01-01,Chicken Biryani,Main Course,357,161,153,8,220,10.0,24.4,0.1,0,0,0,95,30294.0,2,1,153.0,153.0
2025-01-02,Chicken Biryani,Main Course,334,135,119,16,220,0.0,31.6,0.0,0,0,0,95,26180.0,3,1,153.0,153.0
2025-01-03,Chicken Biryani,Main Course,319,117,98,19,220,0.0,34.1,0.0,0,0,0,95,21560.0,4,1,119.0,136.0
2025-01-04,Chicken Biryani,Main Course,421,212,200,12,220,10.0,26.4,0.0,1,0,0,95,39600.0,5,1,98.0,123.33333333333333
2025-01-05,Chicken Biryani,Main Course,420,197,185,12,220,5.0,24.5,0.0,1,0,0,95,38665.0,6,1,200.0,142.5
2025-01-06,Chicken Biryani,Main Course,336,120,111,9,220,5.0,28.5,0.0,0,0,0,95,23199.0,0,1,185.0,151.0
2025-01-07,Chicken Biryani,Main Course,341,122,113,9,220,10.0,26.5,0.8,0,0,0,95,22374.0,1,1,111.0,144.33333333333334
2025-01-08,Chicken Biryani,Main Course,333,135,114,21,220,0.0,21.6,1.4,0,0,0,95,25080.0,2,1,113.0,139.85714285714286
2025-01-09,Chicken Biryani,Main Course,335,133,123,10,220,5.0,25.0,1.3,0,0,0,95,25707.0,3,1,114.0,134.28571428571428
2025-01-10,Chicken Biryani,Main Course,309,126,107,19,220,0.0,32.8,0.0,0,0,0,95,23540.0,4,1,123.0,134.85714285714286
2025-01-11,Chicken Biryani,Main Course,419,207,191,16,220,5.0,30.9,0.0,1,0,0,95,39919.0,5,1,107.0,136.14285714285714
2025-01-12,Chicken Biryani,Main Course,443,236,204,32,220,0.0,28.8,0.0,1,0,0,95,44880.0,6,1,191.0,134.85714285714286
2025-01-13,Chicken Biryani,Main Course,341,140,122,18,220,0.0,35.2,0.0,0,0,0,95,26840.0,0,1,204.0,137.57142857142858
2025-01-14,Chicken Biryani,Main Course,362,188,164,24,220,5.0,27.0,0.0,0,0,0,95,34276.0,1,1,122.0,139.14285714285714
2025-01-15,Chicken Biryani,Main Course,391,157,148,9,220,5.0,25.5,0.0,0,1,0,95,30932.0,2,1,164.0,146.42857142857142
2025-01-16,Chicken Biryani,Main Course,412,159,148,11,220,0.0,21.7,0.0,0,1,0,95,32560.0,3,1,148.0,151.28571428571428
2025-01-17,Chicken Biryani,Main Course,396,147,133,14,220,0.0,28.8,1.0,0,0,0,95,29260.0,4,1,148.0,154.85714285714286
2025-01-18,Chicken Biryani,Main Course,402,210,188,22,220,5.0,27.0,0.0,1,0,0,95,39292.0,5,1,133.0,158.57142857142858
2025-01-19,Chicken Biryani,Main Course,521,272,233,39,220,5.0,27.1,1.8,1,1,0,95,48697.0,6,1,188.0,158.14285714285714
2025-01-20,Chicken Biryani,Main Course,382,155,131,24,220,0.0,27.8,0.0,0,0,0,95,28820.0,0,1,233.0,162.28571428571428
2025-01-21,Chicken Biryani,Main Course,349,124,117,7,220,0.0,26.5,0.0,0,0,0,95,25740.0,1,1,131.0,163.57142857142858
2025-01-22,Chicken Biryani,Main Course,332,136,120,16,220,5.0,27.6,0.0,0,0,0,95,25080.0,2,1,117.0,156.85714285714286
2025-01-23,Chicken Biryani,Main Course,361,148,124,24,220,0.0,28.3,0.0,0,0,0,95,27280.0,3,1,120.0,152.85714285714286
2025-01-24,Chicken Biryani,Main Course,375,136,114,22,220,0.0,34.9,0.9,0,0,0,95,25080.0,4,1,124.0,149.42857142857142
2025-01-25,Chicken Biryani,Main Course,488,223,187,36,220,0.0,35.9,0.0,1,1,0,95,41140.0,5,1,114.0,146.71428571428572
2025-01-26,Chicken Biryani,Main Course,442,201,169,32,220,0.0,30.2,0.0,1,0,0,95,37180.0,6,1,187.0,146.57142857142858
2025-01-27,Chicken Biryani,Main Course,374,161,149,12,220,5.0,28.8,0.0,0,0,0,95,31141.0,0,1,169.0,137.42857142857142
2025-01-28,Chicken Biryani,Main Course,307,124,104,20,220,0.0,36.7,0.0,0,0,0,95,22880.0,1,1,149.0,140.0
2025-01-29,Chicken Biryani,Main Course,338,124,115,9,220,0.0,27.8,0.3,0,0,0,95,25300.0,2,1,104.0,138.14285714285714
2025-01-30,Chicken Biryani,Main Course,409,153,137,16,220,0.0,33.8,0.0,0,0,0,95,30140.0,3,1,115.0,137.42857142857142
2025-01-31,Chicken Biryani,Main Course,322,132,118,14,220,0.0,26.8,3.3,0,0,0,95,25960.0,4,1,137.0,139.28571428571428
2025-02-01,Chicken Biryani,Main Course,438,188,175,13,220,0.0,34.7,0.2,1,0,0,95,38500.0,5,2,118.0,139.85714285714286
2025-02-02,Chicken Biryani,Main Course,463,207,184,23,220,0.0,21.7,0.0,1,0,0,95,40480.0,6,2,175.0,138.14285714285714
2025-02-03,Chicken Biryani,Main Course,334,150,129,21,220,5.0,28.1,0.0,0,0,0,95,26961.0,0,2,184.0,140.28571428571428
2025-02-04,Chicken Biryani,Main Course,356,139,119,20,220,0.0,35.8,2.4,0,0,0,95,26180.0,1,2,129.0,137.42857142857142
2025-02-05,Chicken Biryani,Main Course,370,156,137,19,220,15.0,25.8,0.0,0,0,0,95,25619.0,2,2,119.0,139.57142857142858
2025-02-06,Chicken Biryani,Main Course,360,142,133,9,220,0.0,37.5,0.0,0,0,0,95,29260.0,3,2,137.0,142.71428571428572
2025-02-07,Chicken Biryani,Main Course,356,129,113,16,220,0.0,34.2,0.0,0,0,0,95,24860.0,4,2,133.0,142.14285714285714
2025-02-08,Chicken Biryani,Main Course,463,209,199,10,220,0.0,42.7,0.0,1,0,0,95,43780.0,5,2,113.0,141.42857142857142
2025-02-09,Chicken Biryani,Main Course,444,215,188,27,220,0.0,29.3,0.0,1,0,0,95,41360.0,6,2,199.0,144.85714285714286
2025-02-10,Chicken Biryani,Main Course,353,134,115,19,220,0.0,29.4,0.1,0,0,0,95,25300.0,0,2,188.0,145.42857142857142
2025-02-11,Chicken Biryani,Main Course,373,149,138,11,220,0.0,26.1,0.3,0,0,0,95,30360.0,1,2,115.0,143.42857142857142
2025-02-12,Chicken Biryani,Main Course,326,116,98,18,220,0.0,26.7,0.0,0,0,0,95,21560.0,2,2,138.0,146.14285714285714
2025-02-13,Chicken Biryani,Main Course,374,152,137,15,220,5.0,27.3,3.0,0,0,0,95,28633.0,3,2,98.0,140.57142857142858
2025-02-14,Chicken Biryani,Main Course,325,128,119,9,220,0.0,31.0,0.0,0,0,0,95,26180.0,4,2,137.0,141.14285714285714
2025-02-15,Chicken Biryani,Main Course,504,222,201,21,220,0.0,23.6,2.0,1,1,0,95,44220.0,5,2,119.0,142.0
2025-02-16,Chicken Biryani,Main Course,433,185,175,10,220,0.0,30.0,0.0,1,0,0,95,38500.0,6,2,201.0,142.28571428571428
2025-02-17,Chicken Biryani,Main Course,317,125,106,19,220,0.0,35.7,4.5,0,0,0,95,23320.0,0,2,175.0,140.42857142857142
2025-02-18,Chicken Biryani,Main Course,426,209,178,31,220,15.0,24.6,0.0,0,1,0,95,33286.0,1,2,106.0,139.14285714285714
2025-02-19,Chicken Biryani,Main Course,333,154,131,23,220,5.0,25.5,0.0,0,0,0,95,27379.0,2,2,178.0,144.85714285714286
2025-02-20,Chicken Biryani,Main Course,386,152,138,14,220,5.0,27.8,0.0,0,0,0,95,28842.0,3,2,131.0,149.57142857142858
2025-02-21,Chicken Biryani,Main Course,379,154,142,12,220,0.0,28.9,0.0,0,0,0,95,31240.0,4,2,138.0,149.71428571428572
2025-02-22,Chicken Biryani,Main Course,412,194,164,30,220,0.0,31.0,0.0,1,0,0,95,36080.0,5,2,142.0,153.0
2025-02-23,Chicken Biryani,Main Course,362,165,141,24,220,0.0,39.0,0.0,1,0,0,95,31020.0,6,2,164.0,147.71428571428572
2025-02-24,Chicken Biryani,Main Course,353,156,133,23,220,5.0,29.2,0.0,0,0,0,95,27797.0,0,2,141.0,142.85714285714286
2025-02-25,Chicken Biryani,Main Course,380,157,148,9,220,15.0,31.1,0.0,0,0,0,95,27676.0,1,2,133.0,146.71428571428572
2025-02-26,Chicken Biryani,Main Course,359,155,135,20,220,0.0,27.2,0.0,0,0,0,95,29700.0,2,2,148.0,142.42857142857142
2025-02-27,Chicken Biryani,Main Course,344,150,135,15,220,15.0,27.2,0.0,0,0,0,95,25245.0,3,2,135.0,143.0
2025-02-28,Chicken Biryani,Main Course,361,157,147,10,220,10.0,31.7,0.0,0,0,0,95,29106.0,4,2,135.0,142.57142857142858
2025-03-01,Chicken Biryani,Main Course,434,195,186,9,220,0.0,22.8,0.0,1,0,0,95,40920.0,5,3,147.0,143.28571428571428
2025-03-02,Chicken Biryani,Main Course,471,207,195,12,220,0.0,37.5,0.0,1,0,0,95,42900.0,6,3,186.0,146.42857142857142
2025-03-03,Chicken Biryani,Main Course,287,126,108,18,220,5.0,34.6,0.0,0,0,1,95,22572.0,0,3,195.0,154.14285714285714
2025-03-04,Chicken Biryani,Main Course,255,109,101,8,220,0.0,32.6,0.0,0,0,1,95,22220.0,1,3,108.0,150.57142857142858
2025-03-05,Chicken Biryani,Main Course,355,150,130,20,220,0.0,33.2,0.0,0,0,0,95,28600.0,2,3,101.0,143.85714285714286
2025-03-06,Chicken Biryani,Main Course,299,95,84,11,220,0.0,29.9,3.1,0,0,1,95,18480.0,3,3,130.0,143.14285714285714
2025-03-07,Chicken Biryani,Main Course,343,145,127,18,220,0.0,28.6,0.0,0,0,0,95,27940.0,4,3,84.0,135.85714285714286
2025-03-08,Chicken Biryani,Main Course,449,254,232,22,220,15.0,29.6,0.0,1,0,0,95,43384.0,5,3,127.0,133.0
2025-03-09,Chicken Biryani,Main Course,456,214,182,32,220,0.0,24.8,0.0,1,0,0,95,40040.0,6,3,232.0,139.57142857142858
2025-03-10,Chicken Biryani,Main Course,310,133,114,19,220,0.0,24.6,0.0,0,0,1,95,25080.0,0,3,182.0,137.71428571428572
2025-03-11,Chicken Biryani,Main Course,238,82,74,8,220,5.0,28.7,0.0,0,0,1,95,15466.0,1,3,114.0,138.57142857142858
2025-03-12,Chicken Biryani,Main Course,231,112,97,15,220,0.0,24.2,0.0,0,0,1,95,21340.0,2,3,74.0,134.71428571428572
2025-03-13,Chicken Biryani,Main Course,302,131,114,17,220,5.0,25.2,0.0,0,0,0,95,23826.0,3,3,97.0,130.0
2025-03-14,Chicken Biryani,Main Course,351,185,157,28,220,15.0,27.1,0.0,0,0,0,95,29359.0,4,3,114.0,134.28571428571428
2025-03-15,Chicken Biryani,Main Course,505,228,197,31,220,0.0,27.2,1.5,1,0,0,95,43340.0,5,3,157.0,138.57142857142858
2025-03-16,Chicken Biryani,Main Course,490,241,221,20,220,5.0,26.0,0.0,1,0,0,95,46189.0,6,3,197.0,133.57142857142858
2025-03-17,Chicken Biryani,Main Course,380,171,149,22,220,15.0,22.2,0.0,0,0,0,95,27863.0,0,3,221.0,139.14285714285714
2025-03-18,Chicken Biryani,Main Course,365,139,116,23,220,0.0,35.5,0.0,0,0,0,95,25520.0,1,3,149.0,144.14285714285714
2025-03-19,Chicken Biryani,Main Course,224,89,80,9,220,0.0,34.8,0.0,0,0,1,95,17600.0,2,3,116.0,150.14285714285714
2025-03-20,Chicken Biryani,Main Course,331,132,113,19,220,0.0,29.1,1.8,0,0,0,95,24860.0,3,3,80.0,147.71428571428572
2025-03-21,Chicken Biryani,Main Course,332,125,114,11,220,0.0,25.0,0.0,0,1,1,95,25080.0,4,3,113.0,147.57142857142858
2025-03-22,Chicken Biryani,Main Course,442,214,183,31,220,0.0,26.9,0.0,1,0,0,95,40260.0,5,3,114.0,141.42857142857142
2025-03-23,Chicken Biryani,Main Course,449,192,183,9,220,0.0,21.0,0.0,1,0,0,95,40260.0,6,3,183.0,139.42857142857142
2025-03-24,Chicken Biryani,Main Course,268,88,80,8,220,5.0,24.0,0.0,0,0,1,95,16720.0,0,3,183.0,134.0
2025-03-25,Chicken Biryani,Main Course,333,123,115,8,220,0.0,34.6,0.0,0,0,0,95,25300.0,1,3,80.0,124.14285714285714
2025-03-26,Chicken Biryani,Main Course,252,100,91,9,220,0.0,31.4,0.0,0,0,1,95,20020.0,2,3,115.0,124.0
2025-03-27,Chicken Biryani,Main Course,323,108,95,13,220,0.0,39.0,0.6,0,0,0,95,20900.0,3,3,91.0,125.57142857142857
2025-03-28,Chicken Biryani,Main Course,368,164,137,27,220,5.0,32.5,0.0,0,0,0,95,28633.0,4,3,95.0,123.0
2025-03-29,Chicken Biryani,Main Course,495,273,239,34,220,10.0,38.5,0.0,1,0,0,95,47322.0,5,3,137.0,126.28571428571429
2025-03-30,Chicken Biryani,Main Course,461,235,202,33,220,5.0,24.0,0.0,1,0,0,95,42218.0,6,3,239.0,134.28571428571428
2025-03-31,Chicken Biryani,Main Course,311,131,124,7,220,5.0,28.0,0.0,0,0,0,95,25916.0,0,3,202.0,137.0
2025-04-01,Chicken Biryani,Main Course,258,106,95,11,220,5.0,29.1,0.0,0,0,1,95,19855.0,1,4,124.0,143.28571428571428
2025-04-02,Chicken Biryani,Main Course,260,110,97,13,220,0.0,39.3,0.0,0,0,1,95,21340.0,2,4,95.0,140.42857142857142
2025-04-03,Chicken Biryani,Main Course,336,127,114,13,220,0.0,32.6,0.0,0,0,0,95,25080.0,3,4,97.0,141.28571428571428
2025-04-04,Chicken Biryani,Main Course,342,146,138,8,220,5.0,29.0,0.5,0,0,0,95,28842.0,4,4,114.0,144.0
2025-04-05,Chicken Biryani,Main Course,418,189,172,17,220,0.0,34.0,1.2,1,0,0,95,37840.0,5,4,138.0,144.14285714285714
2025-04-06,Chicken Biryani,Main Course,418,247,210,37,220,15.0,30.8,0.9,1,0,0,95,39270.0,6,4,172.0,134.57142857142858
2025-04-07,Chicken Biryani,Main Course,250,91,82,9,220,0.0,35.8,0.0,0,0,1,95,18040.0,0,4,210.0,135.71428571428572
2025-04-08,Chicken Biryani,Main Course,372,139,122,17,220,0.0,32.5,1.1,0,0,0,95,26840.0,1,4,82.0,129.71428571428572
2025-04-09,Chicken Biryani,Main Course,280,123,103,20,220,5.0,25.2,0.0,0,0,1,95,21527.0,2,4,122.0,133.57142857142858
2025-04-10,Chicken Biryani,Main Course,278,121,107,14,220,10.0,42.9,0.0,0,0,1,95,21186.0,3,4,103.0,134.42857142857142
2025-04-11,Chicken Biryani,Main Course,246,110,100,10,220,5.0,28.0,0.0,0,0,1,95,20900.0,4,4,107.0,133.42857142857142
2025-04-12,Chicken Biryani,Main Course,484,226,207,19,220,0.0,28.7,0.0,1,0,0,95,45540.0,5,4,100.0,128.0
2025-04-13,Chicken Biryani,Main Course,446,207,179,28,220,0.0,35.5,0.0,1,0,0,95,39380.0,6,4,207.0,133.0
2025-04-14,Chicken Biryani,Main Course,327,117,112,5,220,0.0,35.4,1.8,0,0,0,95,24640.0,0,4,179.0,128.57142857142858
2025-04-15,Chicken Biryani,Main Course,338,149,127,22,220,10.0,30.4,0.0,0,0,0,95,25146.0,1,4,112.0,132.85714285714286
2025-04-16,Chicken Biryani,Main Course,402,158,139,19,220,5.0,26.6,0.0,0,0,0,95,29051.0,2,4,127.0,133.57142857142858
2025-04-17,Chicken Biryani,Main Course,214,70,62,8,220,0.0,27.8,0.2,0,0,1,95,13640.0,3,4,139.0,138.71428571428572
2025-04-18,Chicken Biryani,Main Course,296,116,101,15,220,0.0,33.4,0.0,0,0,1,95,22220.0,4,4,62.0,132.28571428571428
2025-04-19,Chicken Biryani,Main Course,434,189,171,18,220,0.0,30.7,0.0,1,0,0,95,37620.0,5,4,101.0,132.42857142857142
2025-04-20,Chicken Biryani,Main Course,451,188,179,9,220,0.0,33.8,3.5,1,0,0,95,39380.0,6,4,171.0,127.28571428571429
2025-04-21,Chicken Biryani,Main Course,322,134,114,20,220,0.0,25.3,0.0,0,0,0,95,25080.0,0,4,179.0,127.28571428571429
2025-04-22,Chicken Biryani,Main Course,382,150,142,8,220,0.0,23.9,0.0,0,0,0,95,31240.0,1,4,114.0,127.57142857142857
2025-04-23,Chicken Biryani,Main Course,347,123,104,19,220,0.0,27.8,0.7,0,0,0,95,22880.0,2,4,142.0,129.71428571428572
2025-04-24,Chicken Biryani,Main Course,309,137,123,14,220,10.0,22.6,0.0,0,0,1,95,24354.0,3,4,104.0,124.71428571428571
2025-04-25,Chicken Biryani,Main Course,372,140,133,7,220,5.0,31.5,0.0,0,0,0,95,27797.0,4,4,123.0,133.42857142857142
2025-04-26,Chicken Biryani,Main Course,449,244,215,29,220,10.0,34.4,0.9,1,0,0,95,42570.0,5,4,133.0,138.0
2025-04-27,Chicken Biryani,Main Course,452,264,223,41,220,10.0,32.8,0.2,1,0,0,95,44154.0,6,4,215.0,144.28571428571428
2025-04-28,Chicken Biryani,Main Course,327,137,131,6,220,15.0,35.5,0.0,0,0,0,95,24497.0,0,4,223.0,150.57142857142858
2025-04-29,Chicken Biryani,Main Course,355,114,108,6,220,0.0,26.2,0.0,0,0,0,95,23760.0,1,4,131.0,153.0
2025-04-30,Chicken Biryani,Main Course,290,108,97,11,220,0.0,30.4,0.5,0,0,1,95,21340.0,2,4,108.0,148.14285714285714
2025-05-01,Chicken Biryani,Main Course,369,165,147,18,220,10.0,24.5,0.0,0,0,0,95,29106.0,3,5,97.0,147.14285714285714
2025-05-02,Chicken Biryani,Main Course,328,133,121,12,220,0.0,30.1,2.7,0,0,0,95,26620.0,4,5,147.0,150.57142857142858
2025-05-03,Chicken Biryani,Main Course,473,244,210,34,220,5.0,37.1,0.3,1,0,0,95,43890.0,5,5,121.0,148.85714285714286
2025-05-04,Chicken Biryani,Main Course,437,213,192,21,220,5.0,30.1,0.0,1,0,0,95,40128.0,6,5,210.0,148.14285714285714
2025-05-05,Chicken Biryani,Main Course,315,127,117,10,220,5.0,35.4,0.0,0,0,0,95,24453.0,0,5,192.0,143.71428571428572
2025-05-06,Chicken Biryani,Main Course,349,162,144,18,220,15.0,16.8,0.0,0,0,0,95,26928.0,1,5,117.0,141.71428571428572
2025-05-07,Chicken Biryani,Main Course,356,154,129,25,220,0.0,19.2,0.0,0,0,0,95,28380.0,2,5,144.0,146.85714285714286
2025-05-08,Chicken Biryani,Main Course,350,157,148,9,220,15.0,26.0,0.0,0,0,0,95,27676.0,3,5,129.0,151.42857142857142
2025-05-09,Chicken Biryani,Main Course,344,127,120,7,220,0.0,33.2,0.0,0,0,0,95,26400.0,4,5,148.0,151.57142857142858
2025-05-10,Chicken Biryani,Main Course,394,187,174,13,220,0.0,31.1,0.0,1,0,0,95,38280.0,5,5,120.0,151.42857142857142
2025-05-11,Chicken Biryani,Main Course,451,267,230,37,220,15.0,30.8,2.4,1,0,0,95,43010.0,6,5,174.0,146.28571428571428
2025-05-12,Chicken Biryani,Main Course,365,125,114,11,220,0.0,30.0,0.0,0,0,0,95,25080.0,0,5,230.0,151.71428571428572
2025-05-13,Chicken Biryani,Main Course,433,168,144,24,220,5.0,26.8,0.0,0,1,0,95,30096.0,1,5,114.0,151.28571428571428
2025-05-14,Chicken Biryani,Main Course,363,168,154,14,220,5.0,33.4,0.0,0,0,0,95,32186.0,2,5,144.0,151.28571428571428
2025-05-15,Chicken Biryani,Main Course,354,173,149,24,220,10.0,17.0,0.0,0,0,0,95,29502.0,3,5,154.0,154.85714285714286
2025-05-16,Chicken Biryani,Main Course,324,121,105,16,220,0.0,30.2,0.0,0,0,0,95,23100.0,4,5,149.0,155.0
2025-05-17,Chicken Biryani,Main Course,485,248,215,33,220,5.0,27.0,0.0,1,0,0,95,44935.0,5,5,105.0,152.85714285714286
2025-05-18,Chicken Biryani,Main Course,477,242,204,38,220,0.0,45.5,0.0,1,0,0,95,44880.0,6,5,215.0,158.71428571428572
2025-05-19,Chicken Biryani,Main Course,340,143,122,21,220,5.0,24.5,0.0,0,0,0,95,25498.0,0,5,204.0,155.0
2025-05-20,Chicken Biryani,Main Course,296,129,110,19,220,0.0,26.7,2.4,0,0,0,95,24200.0,1,5,122.0,156.14285714285714
2025-05-21,Chicken Biryani,Main Course,334,136,124,12,220,0.0,30.3,0.0,0,0,0,95,27280.0,2,5,110.0,151.28571428571428
2025-05-22,Chicken Biryani,Main Course,341,122,115,7,220,5.0,29.2,0.0,0,0,0,95,24035.0,3,5,124.0,147.0
2025-05-23,Chicken Biryani,Main Course,333,144,121,23,220,0.0,25.9,0.0,0,0,0,95,26620.0,4,5,115.0,142.14285714285714
2025-05-24,Chicken Biryani,Main Course,475,256,241,15,220,15.0,35.1,0.0,1,0,0,95,45067.0,5,5,121.0,144.42857142857142
2025-05-25,Chicken Biryani,Main Course,460,260,224,36,220,15.0,28.1,0.0,1,0,0,95,41888.0,6,5,241.0,148.14285714285714
2025-05-26,Chicken Biryani,Main Course,330,116,107,9,220,0.0,25.1,0.0,0,0,0,95,23540.0,0,5,224.0,151.0
2025-05-27,Chicken Biryani,Main Course,367,147,124,23,220,0.0,37.1,0.0,0,0,0,95,27280.0,1,5,107.0,148.85714285714286
2025-05-28,Chicken Biryani,Main Course,336,128,122,6,220,0.0,24.9,0.0,0,0,0,95,26840.0,2,5,124.0,150.85714285714286
2025-05-29,Chicken Biryani,Main Course,324,133,122,11,220,10.0,32.7,0.0,0,0,0,95,24156.0,3,5,122.0,150.57142857142858
2025-05-30,Chicken Biryani,Main Course,344,124,111,13,220,0.0,23.2,0.0,0,0,0,95,24420.0,4,5,122.0,151.57142857142858
2025-05-31,Chicken Biryani,Main Course,493,209,197,12,220,0.0,30.6,0.1,1,0,0,95,43340.0,5,5,111.0,150.14285714285714
2025-06-01,Chicken Biryani,Main Course,450,205,174,31,220,0.0,20.6,0.0,1,0,0,95,38280.0,6,6,197.0,143.85714285714286
2025-06-02,Chicken Biryani,Main Course,348,160,140,20,220,0.0,28.5,0.0,0,0,0,95,30800.0,0,6,174.0,136.71428571428572
2025-06-03,Chicken Biryani,Main Course,347,140,127,13,220,0.0,26.9,0.0,0,0,0,95,27940.0,1,6,140.0,141.42857142857142
2025-06-04,Chicken Biryani,Main Course,365,137,123,14,220,0.0,20.6,0.6,0,0,0,95,27060.0,2,6,127.0,141.85714285714286
2025-06-05,Chicken Biryani,Main Course,360,145,125,20,220,5.0,32.1,0.0,0,0,0,95,26125.0,3,6,123.0,142.0
2025-06-06,Chicken Biryani,Main Course,373,147,124,23,220,0.0,25.1,0.6,0,0,0,95,27280.0,4,6,125.0,142.42857142857142
2025-06-07,Chicken Biryani,Main Course,429,199,184,15,220,5.0,34.5,0.0,1,0,0,95,38456.0,5,6,124.0,144.28571428571428
2025-06-08,Chicken Biryani,Main Course,410,208,174,34,220,0.0,31.7,1.6,1,0,0,95,38280.0,6,6,184.0,142.42857142857142
2025-06-09,Chicken Biryani,Main Course,380,137,125,12,220,0.0,31.6,0.8,0,0,0,95,27500.0,0,6,174.0,142.42857142857142
2025-06-10,Chicken Biryani,Main Course,389,162,137,25,220,0.0,28.2,0.0,0,0,0,95,30140.0,1,6,125.0,140.28571428571428
2025-06-11,Chicken Biryani,Main Course,377,160,147,13,220,5.0,37.4,0.0,0,0,0,95,30723.0,2,6,137.0,141.71428571428572
2025-06-12,Chicken Biryani,Main Course,361,110,103,7,220,0.0,32.1,0.0,0,0,0,95,22660.0,3,6,147.0,145.14285714285714
2025-06-13,Chicken Biryani,Main Course,360,150,139,11,220,10.0,26.2,0.0,0,0,0,95,27522.0,4,6,103.0,142.0
2025-06-14,Chicken Biryani,Main Course,431,173,163,10,220,0.0,29.0,0.4,1,0,0,95,35860.0,5,6,139.0,144.14285714285714
2025-06-15,Chicken Biryani,Main Course,440,215,183,32,220,0.0,27.1,0.4,1,0,0,95,40260.0,6,6,163.0,141.14285714285714
2025-06-16,Chicken Biryani,Main Course,329,143,128,15,220,10.0,29.6,0.0,0,0,0,95,25344.0,0,6,183.0,142.42857142857142
2025-06-17,Chicken Biryani,Main Course,266,102,93,9,220,10.0,34.2,0.0,0,0,0,95,18414.0,1,6,128.0,142.85714285714286
2025-06-18,Chicken Biryani,Main Course,320,109,102,7,220,0.0,37.4,1.3,0,0,0,95,22440.0,2,6,93.0,136.57142857142858
2025-06-19,Chicken Biryani,Main Course,332,135,125,10,220,10.0,25.8,1.7,0,0,0,95,24750.0,3,6,102.0,130.14285714285714
2025-06-20,Chicken Biryani,Main Course,345,126,113,13,220,0.0,31.5,0.0,0,0,0,95,24860.0,4,6,125.0,133.28571428571428
2025-06-21,Chicken Biryani,Main Course,433,201,178,23,220,0.0,19.3,0.0,1,0,0,95,39160.0,5,6,113.0,129.57142857142858
2025-06-22,Chicken Biryani,Main Course,481,221,192,29,220,0.0,27.7,0.0,1,0,0,95,42240.0,6,6,178.0,131.71428571428572
2025-06-23,Chicken Biryani,Main Course,320,160,135,25,220,10.0,31.3,0.0,0,0,0,95,26730.0,0,6,192.0,133.0
2025-06-24,Chicken Biryani,Main Course,340,147,139,8,220,10.0,21.8,0.0,0,0,0,95,27522.0,1,6,135.0,134.0
2025-06-25,Chicken Biryani,Main Course,365,128,116,12,220,0.0,37.6,0.0,0,0,0,95,25520.0,2,6,139.0,140.57142857142858
2025-06-26,Chicken Biryani,Main Course,348,138,126,12,220,0.0,20.4,0.0,0,0,0,95,27720.0,3,6,116.0,142.57142857142858
2025-06-27,Chicken Biryani,Main Course,357,145,127,18,220,0.0,30.5,5.9,0,0,0,95,27940.0,4,6,126.0,142.71428571428572
2025-06-28,Chicken Biryani,Main Course,444,195,167,28,220,0.0,22.4,0.0,1,0,0,95,36740.0,5,6,127.0,144.71428571428572
2025-06-29,Chicken Biryani,Main Course,439,207,189,18,220,0.0,29.7,0.0,1,0,0,95,41580.0,6,6,167.0,143.14285714285714
2025-06-30,Chicken Biryani,Main Course,327,133,118,15,220,5.0,31.3,0.0,0,0,0,95,24662.0,0,6,189.0,142.71428571428572
2025-07-01,Chicken Biryani,Main Course,320,139,123,16,220,10.0,36.4,0.3,0,0,0,95,24354.0,1,7,118.0,140.28571428571428
2025-07-02,Chicken Biryani,Main Course,395,177,157,20,220,10.0,26.3,0.0,0,0,0,95,31086.0,2,7,123.0,138.0
2025-07-03,Chicken Biryani,Main Course,317,132,120,12,220,5.0,33.8,5.7,0,0,0,95,25080.0,3,7,157.0,143.85714285714286
2025-07-04,Chicken Biryani,Main Course,324,120,108,12,220,0.0,26.4,0.0,0,0,0,95,23760.0,4,7,120.0,143.0
2025-07-05,Chicken Biryani,Main Course,402,199,175,24,220,0.0,27.5,0.0,1,0,0,95,38500.0,5,7,108.0,140.28571428571428
2025-07-06,Chicken Biryani,Main Course,451,225,208,17,220,10.0,26.8,0.0,1,0,0,95,41184.0,6,7,175.0,141.42857142857142
2025-07-07,Chicken Biryani,Main Course,319,128,110,18,220,0.0,26.7,0.0,0,0,0,95,24200.0,0,7,208.0,144.14285714285714
2025-07-08,Chicken Biryani,Main Course,365,151,132,19,220,0.0,28.4,0.8,0,0,0,95,29040.0,1,7,110.0,143.0
2025-07-09,Chicken Biryani,Main Course,317,134,122,12,220,0.0,39.1,0.0,0,0,0,95,26840.0,2,7,132.0,144.28571428571428
2025-07-10,Chicken Biryani,Main Course,361,168,146,22,220,5.0,34.5,0.0,0,0,0,95,30514.0,3,7,122.0,139.28571428571428
2025-07-11,Chicken Biryani,Main Course,392,161,147,14,220,15.0,25.1,0.0,0,1,0,95,27489.0,4,7,146.0,143.0
2025-07-12,Chicken Biryani,Main Course,476,217,199,18,220,0.0,21.7,0.0,1,0,0,95,43780.0,5,7,147.0,148.57142857142858
2025-07-13,Chicken Biryani,Main Course,479,205,187,18,220,0.0,26.4,0.0,1,0,0,95,41140.0,6,7,199.0,152.0
2025-07-14,Chicken Biryani,Main Course,363,122,107,15,220,0.0,30.4,0.0,0,0,0,95,23540.0,0,7,187.0,149.0
2025-07-15,Chicken Biryani,Main Course,380,148,139,9,220,0.0,31.7,0.0,0,0,0,95,30580.0,1,7,107.0,148.57142857142858
2025-07-16,Chicken Biryani,Main Course,324,125,110,15,220,0.0,40.4,0.0,0,0,0,95,24200.0,2,7,139.0,149.57142857142858
2025-07-17,Chicken Biryani,Main Course,370,167,147,20,220,10.0,27.1,0.0,0,0,0,95,29106.0,3,7,110.0,147.85714285714286
2025-07-18,Chicken Biryani,Main Course,380,142,128,14,220,0.0,24.9,0.0,0,0,0,95,28160.0,4,7,147.0,148.0
2025-07-19,Chicken Biryani,Main Course,426,221,199,22,220,10.0,25.1,0.0,1,0,0,95,39402.0,5,7,128.0,145.28571428571428
2025-07-20,Chicken Biryani,Main Course,424,176,167,9,220,0.0,21.6,0.7,1,0,0,95,36740.0,6,7,199.0,145.28571428571428
2025-07-21,Chicken Biryani,Main Course,331,162,140,22,220,15.0,34.0,0.9,0,0,0,95,26180.0,0,7,167.0,142.42857142857142
2025-07-22,Chicken Biryani,Main Course,339,136,120,16,220,5.0,26.6,0.0,0,0,0,95,25080.0,1,7,140.0,147.14285714285714
2025-07-23,Chicken Biryani,Main Course,311,162,144,18,220,15.0,36.9,0.0,0,0,0,95,26928.0,2,7,120.0,144.42857142857142
2025-07-24,Chicken Biryani,Main Course,339,132,118,14,220,0.0,28.1,0.7,0,0,0,95,25960.0,3,7,144.0,149.28571428571428
2025-07-25,Chicken Biryani,Main Course,402,169,142,27,220,0.0,30.3,0.3,0,0,0,95,31240.0,4,7,118.0,145.14285714285714
2025-07-26,Chicken Biryani,Main Course,397,186,166,20,220,5.0,34.9,0.0,1,0,0,95,34694.0,5,7,142.0,147.14285714285714
2025-07-27,Chicken Biryani,Main Course,445,210,180,30,220,0.0,35.2,0.0,1,0,0,95,39600.0,6,7,166.0,142.42857142857142
2025-07-28,Chicken Biryani,Main Course,357,146,132,14,220,0.0,31.7,1.8,0,0,0,95,29040.0,0,7,180.0,144.28571428571428
2025-07-29,Chicken Biryani,Main Course,378,123,115,8,220,0.0,24.1,0.0,0,0,0,95,25300.0,1,7,132.0,143.14285714285714
2025-07-30,Chicken Biryani,Main Course,386,145,128,17,220,0.0,33.4,0.0,0,0,0,95,28160.0,2,7,115.0,142.42857142857142
2025-07-31,Chicken Biryani,Main Course,364,132,123,9,220,10.0,23.5,0.0,0,0,0,95,24354.0,3,7,128.0,140.14285714285714
2025-08-01,Chicken Biryani,Main Course,323,133,126,7,220,0.0,25.9,0.0,0,0,0,95,27720.0,4,8,123.0,140.85714285714286
2025-08-02,Chicken Biryani,Main Course,557,269,234,35,220,5.0,33.0,3.3,1,1,0,95,48906.0,5,8,126.0,138.57142857142858
2025-08-03,Chicken Biryani,Main Course,469,215,197,18,220,0.0,34.0,0.0,1,0,0,95,43340.0,6,8,234.0,148.28571428571428
2025-08-04,Chicken Biryani,Main Course,329,128,118,10,220,0.0,22.7,0.0,0,0,0,95,25960.0,0,8,197.0,150.71428571428572
2025-08-05,Chicken Biryani,Main Course,335,126,110,16,220,0.0,35.0,0.0,0,0,0,95,24200.0,1,8,118.0,148.71428571428572
2025-08-06,Chicken Biryani,Main Course,346,148,139,9,220,10.0,31.7,0.0,0,0,0,95,27522.0,2,8,110.0,148.0
2025-08-07,Chicken Biryani,Main Course,355,133,114,19,220,0.0,23.3,0.0,0,0,0,95,25080.0,3,8,139.0,149.57142857142858
2025-08-08,Chicken Biryani,Main Course,426,170,157,13,220,0.0,25.4,0.0,0,1,0,95,34540.0,4,8,114.0,148.28571428571428
2025-08-09,Chicken Biryani,Main Course,476,224,197,27,220,0.0,30.1,0.0,1,0,0,95,43340.0,5,8,157.0,152.71428571428572
2025-08-10,Chicken Biryani,Main Course,469,202,191,11,220,0.0,38.3,0.0,1,0,0,95,42020.0,6,8,197.0,147.42857142857142
2025-08-11,Chicken Biryani,Main Course,312,133,114,19,220,5.0,23.8,0.0,0,0,0,95,23826.0,0,8,191.0,146.57142857142858
2025-08-12,Chicken Biryani,Main Course,357,122,117,5,220,0.0,31.5,1.2,0,0,0,95,25740.0,1,8,114.0,146.0
2025-08-13,Chicken Biryani,Main Course,319,124,117,7,220,15.0,20.8,0.0,0,0,0,95,21879.0,2,8,117.0,147.0
2025-08-14,Chicken Biryani,Main Course,356,135,120,15,220,0.0,36.5,2.9,0,0,0,95,26400.0,3,8,117.0,143.85714285714286
2025-08-15,Chicken Biryani,Main Course,382,126,120,6,220,0.0,34.0,1.2,0,0,0,95,26400.0,4,8,120.0,144.71428571428572
2025-08-16,Chicken Biryani,Main Course,479,198,185,13,220,0.0,31.3,0.0,1,0,0,95,40700.0,5,8,120.0,139.42857142857142
2025-08-17,Chicken Biryani,Main Course,432,224,203,21,220,5.0,26.9,0.0,1,0,0,95,42427.0,6,8,185.0,137.71428571428572
2025-08-18,Chicken Biryani,Main Course,336,146,139,7,220,15.0,29.2,0.0,0,0,0,95,25993.0,0,8,203.0,139.42857142857142
2025-08-19,Chicken Biryani,Main Course,313,120,114,6,220,0.0,24.5,0.0,0,0,0,95,25080.0,1,8,139.0,143.0
2025-08-20,Chicken Biryani,Main Course,336,144,123,21,220,0.0,29.2,0.0,0,0,0,95,27060.0,2,8,114.0,142.57142857142858
2025-08-21,Chicken Biryani,Main Course,331,135,121,14,220,0.0,32.9,0.0,0,0,0,95,26620.0,3,8,123.0,143.42857142857142
2025-08-22,Chicken Biryani,Main Course,374,140,131,9,220,0.0,21.9,0.1,0,0,0,95,28820.0,4,8,121.0,143.57142857142858
2025-08-23,Chicken Biryani,Main Course,487,251,237,14,220,10.0,21.8,0.0,1,0,0,95,46926.0,5,8,131.0,145.14285714285714
2025-08-24,Chicken Biryani,Main Course,451,202,191,11,220,0.0,20.6,0.0,1,0,0,95,42020.0,6,8,237.0,152.57142857142858
2025-08-25,Chicken Biryani,Main Course,359,146,130,16,220,5.0,23.6,0.0,0,0,0,95,27170.0,0,8,191.0,150.85714285714286
2025-08-26,Chicken Biryani,Main Course,298,116,110,6,220,5.0,21.5,0.0,0,0,0,95,22990.0,1,8,130.0,149.57142857142858
2025-08-27,Chicken Biryani,Main Course,334,132,124,8,220,5.0,26.4,0.0,0,0,0,95,25916.0,2,8,110.0,149.0
2025-08-28,Chicken Biryani,Main Course,355,174,146,28,220,15.0,39.2,0.7,0,0,0,95,27302.0,3,8,124.0,149.14285714285714
2025-08-29,Chicken Biryani,Main Course,369,150,133,17,220,0.0,31.0,0.0,0,0,0,95,29260.0,4,8,146.0,152.71428571428572
2025-08-30,Chicken Biryani,Main Course,458,255,223,32,220,10.0,31.0,0.0,1,0,0,95,44154.0,5,8,133.0,153.0
2025-08-31,Chicken Biryani,Main Course,419,198,170,28,220,0.0,28.2,6.3,1,1,0,95,37400.0,6,8,223.0,151.0
2025-09-01,Chicken Biryani,Main Course,322,159,146,13,220,15.0,33.8,0.0,0,0,0,95,27302.0,0,9,170.0,148.0
2025-09-02,Chicken Biryani,Main Course,337,147,127,20,220,10.0,36.1,0.0,0,0,0,95,25146.0,1,9,146.0,150.28571428571428
2025-09-03,Chicken Biryani,Main Course,357,135,122,13,220,5.0,21.6,0.0,0,0,0,95,25498.0,2,9,127.0,152.71428571428572
2025-09-04,Chicken Biryani,Main Course,359,124,104,20,220,0.0,36.7,0.0,0,0,0,95,22880.0,3,9,122.0,152.42857142857142
2025-09-05,Chicken Biryani,Main Course,343,131,120,11,220,10.0,36.3,0.0,0,0,0,95,23760.0,4,9,104.0,146.42857142857142
2025-09-06,Chicken Biryani,Main Course,474,248,231,17,220,15.0,29.5,0.0,1,0,0,95,43197.0,5,9,120.0,144.57142857142858
2025-09-07,Chicken Biryani,Main Course,477,271,227,44,220,15.0,34.7,0.0,1,0,0,95,42449.0,6,9,231.0,145.71428571428572
2025-09-08,Chicken Biryani,Main Course,320,115,105,10,220,0.0,29.0,0.0,0,0,0,95,23100.0,0,9,227.0,153.85714285714286
2025-09-09,Chicken Biryani,Main Course,358,119,108,11,220,0.0,30.1,0.0,0,0,0,95,23760.0,1,9,105.0,148.0
2025-09-10,Chicken Biryani,Main Course,387,153,141,12,220,0.0,29.6,0.0,0,0,0,95,31020.0,2,9,108.0,145.28571428571428
2025-09-11,Chicken Biryani,Main Course,347,130,111,19,220,0.0,31.0,0.0,0,0,0,95,24420.0,3,9,141.0,148.0
2025-09-12,Chicken Biryani,Main Course,369,129,118,11,220,0.0,22.1,0.0,0,1,0,95,25960.0,4,9,111.0,149.0
2025-09-13,Chicken Biryani,Main Course,462,218,186,32,220,0.0,27.0,0.0,1,0,0,95,40920.0,5,9,118.0,148.71428571428572
2025-09-14,Chicken Biryani,Main Course,432,182,172,10,220,0.0,38.2,0.7,1,0,0,95,37840.0,6,9,186.0,142.28571428571428
2025-09-15,Chicken Biryani,Main Course,376,157,134,23,220,0.0,28.3,0.0,0,0,0,95,29480.0,0,9,172.0,134.42857142857142
2025-09-16,Chicken Biryani,Main Course,342,169,150,19,220,10.0,19.7,0.0,0,0,0,95,29700.0,1,9,134.0,138.57142857142858
2025-09-17,Chicken Biryani,Main Course,339,149,127,22,220,5.0,33.6,0.0,0,0,0,95,26543.0,2,9,150.0,144.57142857142858
2025-09-18,Chicken Biryani,Main Course,401,170,161,9,220,10.0,18.1,1.6,0,0,0,95,31878.0,3,9,127.0,142.57142857142858
2025-09-19,Chicken Biryani,Main Course,327,135,129,6,220,15.0,31.7,0.0,0,0,0,95,24123.0,4,9,161.0,149.71428571428572
2025-09-20,Chicken Biryani,Main Course,448,220,208,12,220,10.0,27.3,0.0,1,0,0,95,41184.0,5,9,129.0,151.28571428571428
2025-09-21,Chicken Biryani,Main Course,427,190,166,24,220,0.0,28.3,0.0,1,0,0,95,36520.0,6,9,208.0,154.42857142857142
2025-09-22,Chicken Biryani,Main Course,310,141,134,7,220,15.0,31.6,0.2,0,0,0,95,25058.0,0,9,166.0,153.57142857142858
2025-09-23,Chicken Biryani,Main Course,386,159,140,19,220,0.0,31.5,0.0,0,1,0,95,30800.0,1,9,134.0,153.57142857142858
2025-09-24,Chicken Biryani,Main Course,382,155,147,8,220,5.0,31.6,0.0,0,0,0,95,30723.0,2,9,140.0,152.14285714285714
2025-09-25,Chicken Biryani,Main Course,338,136,121,15,220,5.0,32.8,0.0,0,0,0,95,25289.0,3,9,147.0,155.0
2025-09-26,Chicken Biryani,Main Course,316,125,106,19,220,0.0,25.2,0.0,0,0,0,95,23320.0,4,9,121.0,149.28571428571428
2025-09-27,Chicken Biryani,Main Course,437,227,201,26,220,5.0,25.4,1.5,1,0,0,95,42009.0,5,9,106.0,146.0
2025-09-28,Chicken Biryani,Main Course,469,213,193,20,220,0.0,24.5,0.0,1,0,0,95,42460.0,6,9,201.0,145.0
2025-09-29,Chicken Biryani,Main Course,384,159,138,21,220,0.0,34.3,0.0,0,0,0,95,30360.0,0,9,193.0,148.85714285714286
2025-09-30,Chicken Biryani,Main Course,328,160,137,23,220,15.0,26.6,0.0,0,0,0,95,25619.0,1,9,138.0,149.42857142857142
2025-10-01,Chicken Biryani,Main Course,335,128,121,7,220,0.0,26.7,0.0,0,0,0,95,26620.0,2,10,137.0,149.0
2025-10-02,Chicken Biryani,Main Course,350,168,148,20,220,10.0,30.7,0.0,0,0,0,95,29304.0,3,10,121.0,145.28571428571428
2025-10-03,Chicken Biryani,Main Course,386,134,128,6,220,0.0,26.7,0.0,0,0,0,95,28160.0,4,10,148.0,149.14285714285714
2025-10-04,Chicken Biryani,Main Course,417,202,176,26,220,0.0,33.2,0.0,1,0,0,95,38720.0,5,10,128.0,152.28571428571428
2025-10-05,Chicken Biryani,Main Course,457,221,186,35,220,0.0,28.0,0.9,1,0,0,95,40920.0,6,10,176.0,148.71428571428572
2025-10-06,Chicken Biryani,Main Course,391,148,139,9,220,0.0,26.8,0.0,0,0,0,95,30580.0,0,10,186.0,147.71428571428572
2025-10-07,Chicken Biryani,Main Course,372,147,136,11,220,0.0,27.1,0.0,0,0,0,95,29920.0,1,10,139.0,147.85714285714286
2025-10-08,Chicken Biryani,Main Course,338,134,121,13,220,0.0,30.6,0.0,0,0,0,95,26620.0,2,10,136.0,147.71428571428572
2025-10-09,Chicken Biryani,Main Course,353,127,111,16,220,0.0,33.0,0.0,0,0,0,95,24420.0,3,10,121.0,147.71428571428572
2025-10-10,Chicken Biryani,Main Course,348,129,121,8,220,0.0,24.1,0.0,0,0,0,95,26620.0,4,10,111.0,142.42857142857142
2025-10-11,Chicken Biryani,Main Course,445,239,203,36,220,10.0,28.6,0.0,1,0,0,95,40194.0,5,10,121.0,141.42857142857142
2025-10-12,Chicken Biryani,Main Course,459,200,187,13,220,0.0,33.4,3.0,1,0,0,95,41140.0,6,10,203.0,145.28571428571428
2025-10-13,Chicken Biryani,Main Course,356,136,124,12,220,0.0,28.4,0.0,0,0,0,95,27280.0,0,10,187.0,145.42857142857142
2025-10-14,Chicken Biryani,Main Course,395,145,134,11,220,0.0,40.7,0.0,0,0,0,95,29480.0,1,10,124.0,143.28571428571428
2025-10-15,Chicken Biryani,Main Course,357,139,120,19,220,0.0,31.5,0.0,0,0,0,95,26400.0,2,10,134.0,143.0
2025-10-16,Chicken Biryani,Main Course,353,171,152,19,220,15.0,28.1,0.0,0,0,0,95,28424.0,3,10,120.0,142.85714285714286
2025-10-17,Chicken Biryani,Main Course,329,148,127,21,220,10.0,29.3,0.0,0,0,0,95,25146.0,4,10,152.0,148.71428571428572
2025-10-18,Chicken Biryani,Main Course,416,182,172,10,220,0.0,26.6,0.0,1,0,0,95,37840.0,5,10,127.0,149.57142857142858
2025-10-19,Chicken Biryani,Main Course,432,198,185,13,220,0.0,32.2,2.4,1,0,0,95,40700.0,6,10,172.0,145.14285714285714
2025-10-20,Chicken Biryani,Main Course,356,119,113,6,220,0.0,26.5,0.0,0,0,0,95,24860.0,0,10,185.0,144.85714285714286
2025-10-21,Chicken Biryani,Main Course,356,137,115,22,220,0.0,27.8,0.0,0,0,0,95,25300.0,1,10,113.0,143.28571428571428
2025-10-22,Chicken Biryani,Main Course,327,129,111,18,220,5.0,30.5,0.0,0,0,0,95,23199.0,2,10,115.0,140.57142857142858
2025-10-23,Chicken Biryani,Main Course,350,166,156,10,220,15.0,32.4,0.0,0,0,0,95,29172.0,3,10,111.0,139.28571428571428
2025-10-24,Chicken Biryani,Main Course,359,146,131,15,220,0.0,37.6,0.0,0,0,0,95,28820.0,4,10,156.0,139.85714285714286
2025-10-25,Chicken Biryani,Main Course,488,223,200,23,220,0.0,27.9,0.0,1,0,0,95,44000.0,5,10,131.0,140.42857142857142
2025-10-26,Chicken Biryani,Main Course,441,189,176,13,220,0.0,30.4,0.0,1,0,0,95,38720.0,6,10,200.0,144.42857142857142
2025-10-27,Chicken Biryani,Main Course,376,140,132,8,220,0.0,23.2,0.0,0,0,0,95,29040.0,0,10,176.0,143.14285714285714
2025-01-01,Chicken Fried Rice,Fast Food,357,98,88,10,140,0.0,24.4,0.1,0,0,0,60,12320.0,2,1,88.0,148.16666666666666
2025-01-02,Chicken Fried Rice,Fast Food,334,107,93,14,140,10.0,31.6,0.0,0,0,0,60,11718.0,3,1,88.0,143.66666666666666
2025-01-03,Chicken Fried Rice,Fast Food,319,87,83,4,140,0.0,34.1,0.0,0,0,0,60,11620.0,4,1,93.0,140.66666666666666
2025-01-04,Chicken Fried Rice,Fast Food,421,115,98,17,140,5.0,26.4,0.0,1,0,0,60,13034.0,5,1,83.0,128.5
2025-01-05,Chicken Fried Rice,Fast Food,420,114,109,5,140,0.0,24.5,0.0,1,0,0,60,15260.0,6,1,98.0,123.0
2025-01-06,Chicken Fried Rice,Fast Food,336,112,95,17,140,10.0,28.5,0.0,0,0,0,60,11970.0,0,1,109.0,107.83333333333333
2025-01-07,Chicken Fried Rice,Fast Food,341,84,71,13,140,0.0,26.5,0.8,0,0,0,60,9940.0,1,1,95.0,94.33333333333333
2025-01-08,Chicken Fried Rice,Fast Food,333,108,98,10,140,5.0,21.6,1.4,0,0,0,60,13034.0,2,1,71.0,91.0
2025-01-09,Chicken Fried Rice,Fast Food,335,89,84,5,140,0.0,25.0,1.3,0,0,0,60,11760.0,3,1,98.0,92.42857142857143
2025-01-10,Chicken Fried Rice,Fast Food,309,102,96,6,140,10.0,32.8,0.0,0,0,0,60,12096.0,4,1,84.0,91.14285714285714
2025-01-11,Chicken Fried Rice,Fast Food,419,114,104,10,140,0.0,30.9,0.0,1,0,0,60,14560.0,5,1,96.0,93.0
2025-01-12,Chicken Fried Rice,Fast Food,443,148,124,24,140,15.0,28.8,0.0,1,0,0,60,14756.0,6,1,104.0,93.85714285714286
2025-01-13,Chicken Fried Rice,Fast Food,341,108,94,14,140,5.0,35.2,0.0,0,0,0,60,12502.0,0,1,124.0,96.0
2025-01-14,Chicken Fried Rice,Fast Food,362,104,92,12,140,0.0,27.0,0.0,0,0,0,60,12880.0,1,1,94.0,95.85714285714286
2025-01-15,Chicken Fried Rice,Fast Food,391,117,107,10,140,0.0,25.5,0.0,0,1,0,60,14980.0,2,1,92.0,98.85714285714286
2025-01-16,Chicken Fried Rice,Fast Food,412,150,132,18,140,15.0,21.7,0.0,0,1,0,60,15708.0,3,1,107.0,100.14285714285714
2025-01-17,Chicken Fried Rice,Fast Food,396,120,105,15,140,10.0,28.8,1.0,0,0,0,60,13230.0,4,1,132.0,107.0
2025-01-18,Chicken Fried Rice,Fast Food,402,100,95,5,140,0.0,27.0,0.0,1,0,0,60,13300.0,5,1,105.0,108.28571428571429
2025-01-19,Chicken Fried Rice,Fast Food,521,130,110,20,140,0.0,27.1,1.8,1,1,0,60,15400.0,6,1,95.0,107.0
2025-01-20,Chicken Fried Rice,Fast Food,382,100,91,9,140,5.0,27.8,0.0,0,0,0,60,12103.0,0,1,110.0,105.0
2025-01-21,Chicken Fried Rice,Fast Food,349,104,98,6,140,5.0,26.5,0.0,0,0,0,60,13034.0,1,1,91.0,104.57142857142857
2025-01-22,Chicken Fried Rice,Fast Food,332,108,95,13,140,0.0,27.6,0.0,0,0,0,60,13300.0,2,1,98.0,105.42857142857143
2025-01-23,Chicken Fried Rice,Fast Food,361,109,96,13,140,0.0,28.3,0.0,0,0,0,60,13440.0,3,1,95.0,103.71428571428571
2025-01-24,Chicken Fried Rice,Fast Food,375,101,85,16,140,0.0,34.9,0.9,0,0,0,60,11900.0,4,1,96.0,98.57142857142857
2025-01-25,Chicken Fried Rice,Fast Food,488,146,125,21,140,10.0,35.9,0.0,1,1,0,60,15750.0,5,1,85.0,95.71428571428571
2025-01-26,Chicken Fried Rice,Fast Food,442,137,122,15,140,5.0,30.2,0.0,1,0,0,60,16226.0,6,1,125.0,100.0
2025-01-27,Chicken Fried Rice,Fast Food,374,142,129,13,140,15.0,28.8,0.0,0,0,0,60,15351.0,0,1,122.0,101.71428571428571
2025-01-28,Chicken Fried Rice,Fast Food,307,77,70,7,140,0.0,36.7,0.0,0,0,0,60,9800.0,1,1,129.0,107.14285714285714
2025-01-29,Chicken Fried Rice,Fast Food,338,114,108,6,140,15.0,27.8,0.3,0,0,0,60,12852.0,2,1,70.0,103.14285714285714
2025-01-30,Chicken Fried Rice,Fast Food,409,100,92,8,140,0.0,33.8,0.0,0,0,0,60,12880.0,3,1,108.0,105.0
2025-01-31,Chicken Fried Rice,Fast Food,322,136,124,12,140,0.0,26.8,3.3,0,0,0,60,17360.0,4,1,92.0,104.42857142857143
2025-02-01,Chicken Fried Rice,Fast Food,438,103,96,7,140,0.0,34.7,0.2,1,0,0,60,13440.0,5,2,124.0,110.0
2025-02-02,Chicken Fried Rice,Fast Food,463,105,93,12,140,0.0,21.7,0.0,1,0,0,60,13020.0,6,2,96.0,105.85714285714286
2025-02-03,Chicken Fried Rice,Fast Food,334,128,108,20,140,15.0,28.1,0.0,0,0,0,60,12852.0,0,2,93.0,101.71428571428571
2025-02-04,Chicken Fried Rice,Fast Food,356,144,131,13,140,0.0,35.8,2.4,0,0,0,60,18340.0,1,2,108.0,98.71428571428571
2025-02-05,Chicken Fried Rice,Fast Food,370,128,110,18,140,5.0,25.8,0.0,0,0,0,60,14630.0,2,2,131.0,107.42857142857143
2025-02-06,Chicken Fried Rice,Fast Food,360,110,100,10,140,0.0,37.5,0.0,0,0,0,60,14000.0,3,2,110.0,107.71428571428571
2025-02-07,Chicken Fried Rice,Fast Food,356,92,80,12,140,0.0,34.2,0.0,0,0,0,60,11200.0,4,2,100.0,108.85714285714286
2025-02-08,Chicken Fried Rice,Fast Food,463,134,120,14,140,5.0,42.7,0.0,1,0,0,60,15960.0,5,2,80.0,102.57142857142857
2025-02-09,Chicken Fried Rice,Fast Food,444,116,102,14,140,0.0,29.3,0.0,1,0,0,60,14280.0,6,2,120.0,106.0
2025-02-10,Chicken Fried Rice,Fast Food,353,87,74,13,140,0.0,29.4,0.1,0,0,0,60,10360.0,0,2,102.0,107.28571428571429
2025-02-11,Chicken Fried Rice,Fast Food,373,120,102,18,140,0.0,26.1,0.3,0,0,0,60,14280.0,1,2,74.0,102.42857142857143
2025-02-12,Chicken Fried Rice,Fast Food,326,84,76,8,140,5.0,26.7,0.0,0,0,0,60,10108.0,2,2,102.0,98.28571428571429
2025-02-13,Chicken Fried Rice,Fast Food,374,160,149,11,140,10.0,27.3,3.0,0,0,0,60,18774.0,3,2,76.0,93.42857142857143
2025-02-14,Chicken Fried Rice,Fast Food,325,104,97,7,140,5.0,31.0,0.0,0,0,0,60,12901.0,4,2,149.0,100.42857142857143
2025-02-15,Chicken Fried Rice,Fast Food,504,136,126,10,140,5.0,23.6,2.0,1,1,0,60,16758.0,5,2,97.0,102.85714285714286
2025-02-16,Chicken Fried Rice,Fast Food,433,120,104,16,140,5.0,30.0,0.0,1,0,0,60,13832.0,6,2,126.0,103.71428571428571
2025-02-17,Chicken Fried Rice,Fast Food,317,121,113,8,140,0.0,35.7,4.5,0,0,0,60,15820.0,0,2,104.0,104.0
2025-02-18,Chicken Fried Rice,Fast Food,426,111,105,6,140,0.0,24.6,0.0,0,1,0,60,14700.0,1,2,113.0,109.57142857142857
2025-02-19,Chicken Fried Rice,Fast Food,333,90,81,9,140,0.0,25.5,0.0,0,0,0,60,11340.0,2,2,105.0,110.0
2025-02-20,Chicken Fried Rice,Fast Food,386,116,108,8,140,5.0,27.8,0.0,0,0,0,60,14364.0,3,2,81.0,110.71428571428571
2025-02-21,Chicken Fried Rice,Fast Food,379,150,130,20,140,15.0,28.9,0.0,0,0,0,60,15470.0,4,2,108.0,104.85714285714286
2025-02-22,Chicken Fried Rice,Fast Food,412,122,111,11,140,0.0,31.0,0.0,1,0,0,60,15540.0,5,2,130.0,109.57142857142857
2025-02-23,Chicken Fried Rice,Fast Food,362,110,96,14,140,5.0,39.0,0.0,1,0,0,60,12768.0,6,2,111.0,107.42857142857143
2025-02-24,Chicken Fried Rice,Fast Food,353,104,91,13,140,0.0,29.2,0.0,0,0,0,60,12740.0,0,2,96.0,106.28571428571429
2025-02-25,Chicken Fried Rice,Fast Food,380,113,107,6,140,0.0,31.1,0.0,0,0,0,60,14980.0,1,2,91.0,103.14285714285714
2025-02-26,Chicken Fried Rice,Fast Food,359,93,81,12,140,5.0,27.2,0.0,0,0,0,60,10773.0,2,2,107.0,103.42857142857143
2025-02-27,Chicken Fried Rice,Fast Food,344,92,78,14,140,0.0,27.2,0.0,0,0,0,60,10920.0,3,2,81.0,103.42857142857143
2025-02-28,Chicken Fried Rice,Fast Food,361,119,104,15,140,0.0,31.7,0.0,0,0,0,60,14560.0,4,2,78.0,99.14285714285714
2025-03-01,Chicken Fried Rice,Fast Food,434,116,107,9,140,10.0,22.8,0.0,1,0,0,60,13482.0,5,3,104.0,95.42857142857143
2025-03-02,Chicken Fried Rice,Fast Food,471,133,114,19,140,5.0,37.5,0.0,1,0,0,60,15162.0,6,3,107.0,94.85714285714286
2025-03-03,Chicken Fried Rice,Fast Food,287,74,70,4,140,0.0,34.6,0.0,0,0,1,60,9800.0,0,3,114.0,97.42857142857143
2025-03-04,Chicken Fried Rice,Fast Food,255,62,57,5,140,0.0,32.6,0.0,0,0,1,60,7980.0,1,3,70.0,94.42857142857143
2025-03-05,Chicken Fried Rice,Fast Food,355,116,109,7,140,5.0,33.2,0.0,0,0,0,60,14497.0,2,3,57.0,87.28571428571429
2025-03-06,Chicken Fried Rice,Fast Food,299,108,101,7,140,5.0,29.9,3.1,0,0,1,60,13433.0,3,3,109.0,91.28571428571429
2025-03-07,Chicken Fried Rice,Fast Food,343,103,91,12,140,0.0,28.6,0.0,0,0,0,60,12740.0,4,3,101.0,94.57142857142857
2025-03-08,Chicken Fried Rice,Fast Food,449,119,106,13,140,0.0,29.6,0.0,1,0,0,60,14840.0,5,3,91.0,92.71428571428571
2025-03-09,Chicken Fried Rice,Fast Food,456,121,115,6,140,5.0,24.8,0.0,1,0,0,60,15295.0,6,3,106.0,92.57142857142857
2025-03-10,Chicken Fried Rice,Fast Food,310,97,84,13,140,10.0,24.6,0.0,0,0,1,60,10584.0,0,3,115.0,92.71428571428571
2025-03-11,Chicken Fried Rice,Fast Food,238,66,60,6,140,5.0,28.7,0.0,0,0,1,60,7980.0,1,3,84.0,94.71428571428571
2025-03-12,Chicken Fried Rice,Fast Food,231,73,62,11,140,0.0,24.2,0.0,0,0,1,60,8680.0,2,3,60.0,95.14285714285714
2025-03-13,Chicken Fried Rice,Fast Food,302,81,72,9,140,0.0,25.2,0.0,0,0,0,60,10080.0,3,3,62.0,88.42857142857143
2025-03-14,Chicken Fried Rice,Fast Food,351,94,87,7,140,0.0,27.1,0.0,0,0,0,60,12180.0,4,3,72.0,84.28571428571429
2025-03-15,Chicken Fried Rice,Fast Food,505,127,112,15,140,0.0,27.2,1.5,1,0,0,60,15680.0,5,3,87.0,83.71428571428571
2025-03-16,Chicken Fried Rice,Fast Food,490,111,105,6,140,0.0,26.0,0.0,1,0,0,60,14700.0,6,3,112.0,84.57142857142857
2025-03-17,Chicken Fried Rice,Fast Food,380,100,89,11,140,0.0,22.2,0.0,0,0,0,60,12460.0,0,3,105.0,83.14285714285714
2025-03-18,Chicken Fried Rice,Fast Food,365,111,104,7,140,5.0,35.5,0.0,0,0,0,60,13832.0,1,3,89.0,83.85714285714286
2025-03-19,Chicken Fried Rice,Fast Food,224,63,54,9,140,0.0,34.8,0.0,0,0,1,60,7560.0,2,3,104.0,90.14285714285714
2025-03-20,Chicken Fried Rice,Fast Food,331,92,82,10,140,0.0,29.1,1.8,0,0,0,60,11480.0,3,3,54.0,89.0
2025-03-21,Chicken Fried Rice,Fast Food,332,95,90,5,140,5.0,25.0,0.0,0,1,1,60,11970.0,4,3,82.0,90.42857142857143
2025-03-22,Chicken Fried Rice,Fast Food,442,139,125,14,140,10.0,26.9,0.0,1,0,0,60,15750.0,5,3,90.0,90.85714285714286
2025-03-23,Chicken Fried Rice,Fast Food,449,109,103,6,140,0.0,21.0,0.0,1,0,0,60,14420.0,6,3,125.0,92.71428571428571
2025-03-24,Chicken Fried Rice,Fast Food,268,69,59,10,140,0.0,24.0,0.0,0,0,1,60,8260.0,0,3,103.0,92.42857142857143
2025-03-25,Chicken Fried Rice,Fast Food,333,81,74,7,140,0.0,34.6,0.0,0,0,0,60,10360.0,1,3,59.0,88.14285714285714
2025-03-26,Chicken Fried Rice,Fast Food,252,88,74,14,140,0.0,31.4,0.0,0,0,1,60,10360.0,2,3,74.0,83.85714285714286
2025-03-27,Chicken Fried Rice,Fast Food,323,100,85,15,140,0.0,39.0,0.6,0,0,0,60,11900.0,3,3,74.0,86.71428571428571
2025-03-28,Chicken Fried Rice,Fast Food,368,100,89,11,140,0.0,32.5,0.0,0,0,0,60,12460.0,4,3,85.0,87.14285714285714
2025-03-29,Chicken Fried Rice,Fast Food,495,161,138,23,140,15.0,38.5,0.0,1,0,0,60,16422.0,5,3,89.0,87.0
2025-03-30,Chicken Fried Rice,Fast Food,461,120,110,10,140,0.0,24.0,0.0,1,0,0,60,15400.0,6,3,138.0,88.85714285714286
2025-03-31,Chicken Fried Rice,Fast Food,311,108,93,15,140,0.0,28.0,0.0,0,0,0,60,13020.0,0,3,110.0,89.85714285714286
2025-04-01,Chicken Fried Rice,Fast Food,258,83,70,13,140,5.0,29.1,0.0,0,0,1,60,9310.0,1,4,93.0,94.71428571428571
2025-04-02,Chicken Fried Rice,Fast Food,260,60,51,9,140,0.0,39.3,0.0,0,0,1,60,7140.0,2,4,70.0,94.14285714285714
2025-04-03,Chicken Fried Rice,Fast Food,336,113,95,18,140,5.0,32.6,0.0,0,0,0,60,12635.0,3,4,51.0,90.85714285714286
2025-04-04,Chicken Fried Rice,Fast Food,342,113,95,18,140,5.0,29.0,0.5,0,0,0,60,12635.0,4,4,95.0,92.28571428571429
2025-04-05,Chicken Fried Rice,Fast Food,418,99,93,6,140,0.0,34.0,1.2,1,0,0,60,13020.0,5,4,95.0,93.14285714285714
2025-04-06,Chicken Fried Rice,Fast Food,418,100,95,5,140,0.0,30.8,0.9,1,0,0,60,13300.0,6,4,93.0,86.71428571428571
2025-04-07,Chicken Fried Rice,Fast Food,250,65,58,7,140,0.0,35.8,0.0,0,0,1,60,8120.0,0,4,95.0,84.57142857142857
2025-04-08,Chicken Fried Rice,Fast Food,372,129,109,20,140,5.0,32.5,1.1,0,0,0,60,14497.0,1,4,58.0,79.57142857142857
2025-04-09,Chicken Fried Rice,Fast Food,280,80,75,5,140,0.0,25.2,0.0,0,0,1,60,10500.0,2,4,109.0,85.14285714285714
2025-04-10,Chicken Fried Rice,Fast Food,278,72,67,5,140,0.0,42.9,0.0,0,0,1,60,9380.0,3,4,75.0,88.57142857142857
2025-04-11,Chicken Fried Rice,Fast Food,246,74,65,9,140,0.0,28.0,0.0,0,0,1,60,9100.0,4,4,67.0,84.57142857142857
2025-04-12,Chicken Fried Rice,Fast Food,484,141,123,18,140,5.0,28.7,0.0,1,0,0,60,16359.0,5,4,65.0,80.28571428571429
2025-04-13,Chicken Fried Rice,Fast Food,446,122,116,6,140,10.0,35.5,0.0,1,0,0,60,14616.0,6,4,123.0,84.57142857142857
2025-04-14,Chicken Fried Rice,Fast Food,327,107,91,16,140,0.0,35.4,1.8,0,0,0,60,12740.0,0,4,116.0,87.57142857142857
2025-04-15,Chicken Fried Rice,Fast Food,338,119,105,14,140,10.0,30.4,0.0,0,0,0,60,13230.0,1,4,91.0,92.28571428571429
2025-04-16,Chicken Fried Rice,Fast Food,402,130,112,18,140,5.0,26.6,0.0,0,0,0,60,14896.0,2,4,105.0,91.71428571428571
2025-04-17,Chicken Fried Rice,Fast Food,214,55,49,6,140,0.0,27.8,0.2,0,0,1,60,6860.0,3,4,112.0,97.0
2025-04-18,Chicken Fried Rice,Fast Food,296,108,99,9,140,15.0,33.4,0.0,0,0,1,60,11781.0,4,4,49.0,94.42857142857143
2025-04-19,Chicken Fried Rice,Fast Food,434,117,106,11,140,5.0,30.7,0.0,1,0,0,60,14098.0,5,4,99.0,99.28571428571429
2025-04-20,Chicken Fried Rice,Fast Food,451,173,151,22,140,0.0,33.8,3.5,1,0,0,60,21140.0,6,4,106.0,96.85714285714286
2025-04-21,Chicken Fried Rice,Fast Food,322,113,98,15,140,5.0,25.3,0.0,0,0,0,60,13034.0,0,4,151.0,101.85714285714286
2025-04-22,Chicken Fried Rice,Fast Food,382,144,135,9,140,15.0,23.9,0.0,0,0,0,60,16065.0,1,4,98.0,102.85714285714286
2025-04-23,Chicken Fried Rice,Fast Food,347,126,116,10,140,15.0,27.8,0.7,0,0,0,60,13804.0,2,4,135.0,107.14285714285714
2025-04-24,Chicken Fried Rice,Fast Food,309,92,81,11,140,15.0,22.6,0.0,0,0,1,60,9639.0,3,4,116.0,107.71428571428571
2025-04-25,Chicken Fried Rice,Fast Food,372,127,109,18,140,0.0,31.5,0.0,0,0,0,60,15260.0,4,4,81.0,112.28571428571429
2025-04-26,Chicken Fried Rice,Fast Food,449,134,112,22,140,0.0,34.4,0.9,1,0,0,60,15680.0,5,4,109.0,113.71428571428571
2025-04-27,Chicken Fried Rice,Fast Food,452,118,106,12,140,0.0,32.8,0.2,1,0,0,60,14840.0,6,4,112.0,114.57142857142857
2025-04-28,Chicken Fried Rice,Fast Food,327,105,91,14,140,10.0,35.5,0.0,0,0,0,60,11466.0,0,4,106.0,108.14285714285714
2025-04-29,Chicken Fried Rice,Fast Food,355,108,96,12,140,0.0,26.2,0.0,0,0,0,60,13440.0,1,4,91.0,107.14285714285714
2025-04-30,Chicken Fried Rice,Fast Food,290,82,74,8,140,0.0,30.4,0.5,0,0,1,60,10360.0,2,4,96.0,101.57142857142857
2025-05-01,Chicken Fried Rice,Fast Food,369,106,101,5,140,5.0,24.5,0.0,0,0,0,60,13433.0,3,5,74.0,95.57142857142857
2025-05-02,Chicken Fried Rice,Fast Food,328,151,142,9,140,15.0,30.1,2.7,0,0,0,60,16898.0,4,5,101.0,98.42857142857143
2025-05-03,Chicken Fried Rice,Fast Food,473,118,107,11,140,0.0,37.1,0.3,1,0,0,60,14980.0,5,5,142.0,103.14285714285714
2025-05-04,Chicken Fried Rice,Fast Food,437,118,108,10,140,0.0,30.1,0.0,1,0,0,60,15120.0,6,5,107.0,102.42857142857143
2025-05-05,Chicken Fried Rice,Fast Food,315,89,81,8,140,0.0,35.4,0.0,0,0,0,60,11340.0,0,5,108.0,102.71428571428571
2025-05-06,Chicken Fried Rice,Fast Food,349,94,87,7,140,0.0,16.8,0.0,0,0,0,60,12180.0,1,5,81.0,101.28571428571429
2025-05-07,Chicken Fried Rice,Fast Food,356,105,96,9,140,0.0,19.2,0.0,0,0,0,60,13440.0,2,5,87.0,100.0
2025-05-08,Chicken Fried Rice,Fast Food,350,105,92,13,140,0.0,26.0,0.0,0,0,0,60,12880.0,3,5,96.0,103.14285714285714
2025-05-09,Chicken Fried Rice,Fast Food,344,94,87,7,140,0.0,33.2,0.0,0,0,0,60,12180.0,4,5,92.0,101.85714285714286
2025-05-10,Chicken Fried Rice,Fast Food,394,121,112,9,140,15.0,31.1,0.0,1,0,0,60,13328.0,5,5,87.0,94.0
2025-05-11,Chicken Fried Rice,Fast Food,451,147,130,17,140,0.0,30.8,2.4,1,0,0,60,18200.0,6,5,112.0,94.71428571428571
2025-05-12,Chicken Fried Rice,Fast Food,365,108,98,10,140,5.0,30.0,0.0,0,0,0,60,13034.0,0,5,130.0,97.85714285714286
2025-05-13,Chicken Fried Rice,Fast Food,433,151,142,9,140,15.0,26.8,0.0,0,1,0,60,16898.0,1,5,98.0,100.28571428571429
2025-05-14,Chicken Fried Rice,Fast Food,363,91,83,8,140,0.0,33.4,0.0,0,0,0,60,11620.0,2,5,142.0,108.14285714285714
2025-05-15,Chicken Fried Rice,Fast Food,354,99,93,6,140,0.0,17.0,0.0,0,0,0,60,13020.0,3,5,83.0,106.28571428571429
2025-05-16,Chicken Fried Rice,Fast Food,324,107,92,15,140,0.0,30.2,0.0,0,0,0,60,12880.0,4,5,93.0,106.42857142857143
2025-05-17,Chicken Fried Rice,Fast Food,485,125,108,17,140,5.0,27.0,0.0,1,0,0,60,14364.0,5,5,92.0,107.14285714285714
2025-05-18,Chicken Fried Rice,Fast Food,477,130,113,17,140,0.0,45.5,0.0,1,0,0,60,15820.0,6,5,108.0,106.57142857142857
2025-05-19,Chicken Fried Rice,Fast Food,340,109,97,12,140,10.0,24.5,0.0,0,0,0,60,12222.0,0,5,113.0,104.14285714285714
2025-05-20,Chicken Fried Rice,Fast Food,296,130,111,19,140,0.0,26.7,2.4,0,0,0,60,15540.0,1,5,97.0,104.0
2025-05-21,Chicken Fried Rice,Fast Food,334,108,99,9,140,5.0,30.3,0.0,0,0,0,60,13167.0,2,5,111.0,99.57142857142857
2025-05-22,Chicken Fried Rice,Fast Food,341,114,99,15,140,0.0,29.2,0.0,0,0,0,60,13860.0,3,5,99.0,101.85714285714286
2025-05-23,Chicken Fried Rice,Fast Food,333,99,87,12,140,0.0,25.9,0.0,0,0,0,60,12180.0,4,5,99.0,102.71428571428571
2025-05-24,Chicken Fried Rice,Fast Food,475,119,110,9,140,0.0,35.1,0.0,1,0,0,60,15400.0,5,5,87.0,102.0
2025-05-25,Chicken Fried Rice,Fast Food,460,116,102,14,140,0.0,28.1,0.0,1,0,0,60,14280.0,6,5,110.0,102.28571428571429
2025-05-26,Chicken Fried Rice,Fast Food,330,125,107,18,140,15.0,25.1,0.0,0,0,0,60,12733.0,0,5,102.0,100.71428571428571
2025-05-27,Chicken Fried Rice,Fast Food,367,110,99,11,140,5.0,37.1,0.0,0,0,0,60,13167.0,1,5,107.0,102.14285714285714
2025-05-28,Chicken Fried Rice,Fast Food,336,115,106,9,140,5.0,24.9,0.0,0,0,0,60,14098.0,2,5,99.0,100.42857142857143
2025-05-29,Chicken Fried Rice,Fast Food,324,116,100,16,140,10.0,32.7,0.0,0,0,0,60,12600.0,3,5,106.0,101.42857142857143
2025-05-30,Chicken Fried Rice,Fast Food,344,90,79,11,140,0.0,23.2,0.0,0,0,0,60,11060.0,4,5,100.0,101.57142857142857
2025-05-31,Chicken Fried Rice,Fast Food,493,154,135,19,140,15.0,30.6,0.1,1,0,0,60,16065.0,5,5,79.0,100.42857142857143
2025-06-01,Chicken Fried Rice,Fast Food,450,106,96,10,140,0.0,20.6,0.0,1,0,0,60,13440.0,6,6,135.0,104.0
2025-06-02,Chicken Fried Rice,Fast Food,348,136,116,20,140,10.0,28.5,0.0,0,0,0,60,14616.0,0,6,96.0,103.14285714285714
2025-06-03,Chicken Fried Rice,Fast Food,347,92,84,8,140,0.0,26.9,0.0,0,0,0,60,11760.0,1,6,116.0,104.42857142857143
2025-06-04,Chicken Fried Rice,Fast Food,365,144,124,20,140,10.0,20.6,0.6,0,0,0,60,15624.0,2,6,84.0,102.28571428571429
2025-06-05,Chicken Fried Rice,Fast Food,360,111,98,13,140,0.0,32.1,0.0,0,0,0,60,13720.0,3,6,124.0,104.85714285714286
2025-06-06,Chicken Fried Rice,Fast Food,373,134,115,19,140,5.0,25.1,0.6,0,0,0,60,15295.0,4,6,98.0,104.57142857142857
2025-06-07,Chicken Fried Rice,Fast Food,429,111,101,10,140,0.0,34.5,0.0,1,0,0,60,14140.0,5,6,115.0,109.71428571428571
2025-06-08,Chicken Fried Rice,Fast Food,410,128,117,11,140,15.0,31.7,1.6,1,0,0,60,13923.0,6,6,101.0,104.85714285714286
2025-06-09,Chicken Fried Rice,Fast Food,380,142,121,21,140,5.0,31.6,0.8,0,0,0,60,16093.0,0,6,117.0,107.85714285714286
2025-06-10,Chicken Fried Rice,Fast Food,389,119,107,12,140,0.0,28.2,0.0,0,0,0,60,14980.0,1,6,121.0,108.57142857142857
2025-06-11,Chicken Fried Rice,Fast Food,377,106,101,5,140,5.0,37.4,0.0,0,0,0,60,13433.0,2,6,107.0,111.85714285714286
2025-06-12,Chicken Fried Rice,Fast Food,361,110,105,5,140,0.0,32.1,0.0,0,0,0,60,14700.0,3,6,101.0,108.57142857142857
2025-06-13,Chicken Fried Rice,Fast Food,360,116,99,17,140,5.0,26.2,0.0,0,0,0,60,13167.0,4,6,105.0,109.57142857142857
2025-06-14,Chicken Fried Rice,Fast Food,431,105,96,9,140,0.0,29.0,0.4,1,0,0,60,13440.0,5,6,99.0,107.28571428571429
2025-06-15,Chicken Fried Rice,Fast Food,440,110,103,7,140,0.0,27.1,0.4,1,0,0,60,14420.0,6,6,96.0,106.57142857142857
2025-06-16,Chicken Fried Rice,Fast Food,329,102,87,15,140,0.0,29.6,0.0,0,0,0,60,12180.0,0,6,103.0,104.57142857142857
2025-06-17,Chicken Fried Rice,Fast Food,266,93,83,10,140,0.0,34.2,0.0,0,0,0,60,11620.0,1,6,87.0,99.71428571428571
2025-06-18,Chicken Fried Rice,Fast Food,320,99,85,14,140,0.0,37.4,1.3,0,0,0,60,11900.0,2,6,83.0,96.28571428571429
2025-06-19,Chicken Fried Rice,Fast Food,332,100,85,15,140,0.0,25.8,1.7,0,0,0,60,11900.0,3,6,85.0,94.0
2025-06-20,Chicken Fried Rice,Fast Food,345,104,99,5,140,0.0,31.5,0.0,0,0,0,60,13860.0,4,6,85.0,91.14285714285714
2025-06-21,Chicken Fried Rice,Fast Food,433,108,95,13,140,0.0,19.3,0.0,1,0,0,60,13300.0,5,6,99.0,91.14285714285714
2025-06-22,Chicken Fried Rice,Fast Food,481,133,121,12,140,0.0,27.7,0.0,1,0,0,60,16940.0,6,6,95.0,91.0
2025-06-23,Chicken Fried Rice,Fast Food,320,113,95,18,140,5.0,31.3,0.0,0,0,0,60,12635.0,0,6,121.0,93.57142857142857
2025-06-24,Chicken Fried Rice,Fast Food,340,72,63,9,140,0.0,21.8,0.0,0,0,0,60,8820.0,1,6,95.0,94.71428571428571
2025-06-25,Chicken Fried Rice,Fast Food,365,110,103,7,140,0.0,37.6,0.0,0,0,0,60,14420.0,2,6,63.0,91.85714285714286
2025-06-26,Chicken Fried Rice,Fast Food,348,125,113,12,140,10.0,20.4,0.0,0,0,0,60,14238.0,3,6,103.0,94.42857142857143
2025-06-27,Chicken Fried Rice,Fast Food,357,135,123,12,140,0.0,30.5,5.9,0,0,0,60,17220.0,4,6,113.0,98.42857142857143
2025-06-28,Chicken Fried Rice,Fast Food,444,104,98,6,140,0.0,22.4,0.0,1,0,0,60,13720.0,5,6,123.0,101.85714285714286
2025-06-29,Chicken Fried Rice,Fast Food,439,115,102,13,140,0.0,29.7,0.0,1,0,0,60,14280.0,6,6,98.0,102.28571428571429
2025-06-30,Chicken Fried Rice,Fast Food,327,104,95,9,140,0.0,31.3,0.0,0,0,0,60,13300.0,0,6,102.0,99.57142857142857
2025-07-01,Chicken Fried Rice,Fast Food,320,116,102,14,140,15.0,36.4,0.3,0,0,0,60,12138.0,1,7,95.0,99.57142857142857
2025-07-02,Chicken Fried Rice,Fast Food,395,117,104,13,140,0.0,26.3,0.0,0,0,0,60,14560.0,2,7,102.0,105.14285714285714
2025-07-03,Chicken Fried Rice,Fast Food,317,136,128,8,140,5.0,33.8,5.7,0,0,0,60,17024.0,3,7,104.0,105.28571428571429
2025-07-04,Chicken Fried Rice,Fast Food,324,99,87,12,140,5.0,26.4,0.0,0,0,0,60,11571.0,4,7,128.0,107.42857142857143
2025-07-05,Chicken Fried Rice,Fast Food,402,115,100,15,140,15.0,27.5,0.0,1,0,0,60,11900.0,5,7,87.0,102.28571428571429
2025-07-06,Chicken Fried Rice,Fast Food,451,107,99,8,140,0.0,26.8,0.0,1,0,0,60,13860.0,6,7,100.0,102.57142857142857
2025-07-07,Chicken Fried Rice,Fast Food,319,107,100,7,140,5.0,26.7,0.0,0,0,0,60,13300.0,0,7,99.0,102.14285714285714
2025-07-08,Chicken Fried Rice,Fast Food,365,110,104,6,140,0.0,28.4,0.8,0,0,0,60,14560.0,1,7,100.0,102.85714285714286
2025-07-09,Chicken Fried Rice,Fast Food,317,85,73,12,140,0.0,39.1,0.0,0,0,0,60,10220.0,2,7,104.0,103.14285714285714
2025-07-10,Chicken Fried Rice,Fast Food,361,112,98,14,140,0.0,34.5,0.0,0,0,0,60,13720.0,3,7,73.0,98.71428571428571
2025-07-11,Chicken Fried Rice,Fast Food,392,123,109,14,140,5.0,25.1,0.0,0,1,0,60,14497.0,4,7,98.0,94.42857142857143
2025-07-12,Chicken Fried Rice,Fast Food,476,156,143,13,140,15.0,21.7,0.0,1,0,0,60,17017.0,5,7,109.0,97.57142857142857
2025-07-13,Chicken Fried Rice,Fast Food,479,120,111,9,140,5.0,26.4,0.0,1,0,0,60,14763.0,6,7,143.0,103.71428571428571
2025-07-14,Chicken Fried Rice,Fast Food,363,125,112,13,140,15.0,30.4,0.0,0,0,0,60,13328.0,0,7,111.0,105.42857142857143
2025-07-15,Chicken Fried Rice,Fast Food,380,144,126,18,140,10.0,31.7,0.0,0,0,0,60,15876.0,1,7,112.0,107.14285714285714
2025-07-16,Chicken Fried Rice,Fast Food,324,87,76,11,140,0.0,40.4,0.0,0,0,0,60,10640.0,2,7,126.0,110.28571428571429
2025-07-17,Chicken Fried Rice,Fast Food,370,105,100,5,140,0.0,27.1,0.0,0,0,0,60,14000.0,3,7,76.0,110.71428571428571
2025-07-18,Chicken Fried Rice,Fast Food,380,107,98,9,140,0.0,24.9,0.0,0,0,0,60,13720.0,4,7,100.0,111.0
2025-07-19,Chicken Fried Rice,Fast Food,426,131,123,8,140,15.0,25.1,0.0,1,0,0,60,14637.0,5,7,98.0,109.42857142857143
2025-07-20,Chicken Fried Rice,Fast Food,424,111,105,6,140,0.0,21.6,0.7,1,0,0,60,14700.0,6,7,123.0,106.57142857142857
2025-07-21,Chicken Fried Rice,Fast Food,331,121,107,14,140,15.0,34.0,0.9,0,0,0,60,12733.0,0,7,105.0,105.71428571428571
2025-07-22,Chicken Fried Rice,Fast Food,339,112,99,13,140,10.0,26.6,0.0,0,0,0,60,12474.0,1,7,107.0,105.0
2025-07-23,Chicken Fried Rice,Fast Food,311,94,87,7,140,5.0,36.9,0.0,0,0,0,60,11571.0,2,7,99.0,101.14285714285714
2025-07-24,Chicken Fried Rice,Fast Food,339,98,87,11,140,0.0,28.1,0.7,0,0,0,60,12180.0,3,7,87.0,102.71428571428571
2025-07-25,Chicken Fried Rice,Fast Food,402,116,97,19,140,0.0,30.3,0.3,0,0,0,60,13580.0,4,7,87.0,100.85714285714286
2025-07-26,Chicken Fried Rice,Fast Food,397,105,95,10,140,0.0,34.9,0.0,1,0,0,60,13300.0,5,7,97.0,100.71428571428571
2025-07-27,Chicken Fried Rice,Fast Food,445,113,98,15,140,0.0,35.2,0.0,1,0,0,60,13720.0,6,7,95.0,96.71428571428571
2025-07-28,Chicken Fried Rice,Fast Food,357,124,104,20,140,0.0,31.7,1.8,0,0,0,60,14560.0,0,7,98.0,95.71428571428571
2025-07-29,Chicken Fried Rice,Fast Food,378,107,99,8,140,0.0,24.1,0.0,0,0,0,60,13860.0,1,7,104.0,95.28571428571429
2025-07-30,Chicken Fried Rice,Fast Food,386,111,98,13,140,0.0,33.4,0.0,0,0,0,60,13720.0,2,7,99.0,95.28571428571429
2025-07-31,Chicken Fried Rice,Fast Food,364,109,96,13,140,0.0,23.5,0.0,0,0,0,60,13440.0,3,7,98.0,96.85714285714286
2025-08-01,Chicken Fried Rice,Fast Food,323,92,88,4,140,10.0,25.9,0.0,0,0,0,60,11088.0,4,8,96.0,98.14285714285714
2025-08-02,Chicken Fried Rice,Fast Food,557,200,170,30,140,0.0,33.0,3.3,1,1,0,60,23800.0,5,8,88.0,96.85714285714286
2025-08-03,Chicken Fried Rice,Fast Food,469,139,120,19,140,5.0,34.0,0.0,1,0,0,60,15960.0,6,8,170.0,107.57142857142857
2025-08-04,Chicken Fried Rice,Fast Food,329,90,85,5,140,10.0,22.7,0.0,0,0,0,60,10710.0,0,8,120.0,110.71428571428571
2025-08-05,Chicken Fried Rice,Fast Food,335,94,86,8,140,0.0,35.0,0.0,0,0,0,60,12040.0,1,8,85.0,108.0
2025-08-06,Chicken Fried Rice,Fast Food,346,102,87,15,140,0.0,31.7,0.0,0,0,0,60,12180.0,2,8,86.0,106.14285714285714
2025-08-07,Chicken Fried Rice,Fast Food,355,115,98,17,140,0.0,23.3,0.0,0,0,0,60,13720.0,3,8,87.0,104.57142857142857
2025-08-08,Chicken Fried Rice,Fast Food,426,120,109,11,140,0.0,25.4,0.0,0,1,0,60,15260.0,4,8,98.0,104.85714285714286
2025-08-09,Chicken Fried Rice,Fast Food,476,118,106,12,140,0.0,30.1,0.0,1,0,0,60,14840.0,5,8,109.0,107.85714285714286
2025-08-10,Chicken Fried Rice,Fast Food,469,139,117,22,140,5.0,38.3,0.0,1,0,0,60,15561.0,6,8,106.0,98.71428571428571
2025-08-11,Chicken Fried Rice,Fast Food,312,93,80,13,140,0.0,23.8,0.0,0,0,0,60,11200.0,0,8,117.0,98.28571428571429
2025-08-12,Chicken Fried Rice,Fast Food,357,90,85,5,140,0.0,31.5,1.2,0,0,0,60,11900.0,1,8,80.0,97.57142857142857
2025-08-13,Chicken Fried Rice,Fast Food,319,83,78,5,140,5.0,20.8,0.0,0,0,0,60,10374.0,2,8,85.0,97.42857142857143
2025-08-14,Chicken Fried Rice,Fast Food,356,136,127,9,140,0.0,36.5,2.9,0,0,0,60,17780.0,3,8,78.0,96.14285714285714
2025-08-15,Chicken Fried Rice,Fast Food,382,115,97,18,140,0.0,34.0,1.2,0,0,0,60,13580.0,4,8,127.0,100.28571428571429
2025-08-16,Chicken Fried Rice,Fast Food,479,126,111,15,140,5.0,31.3,0.0,1,0,0,60,14763.0,5,8,97.0,98.57142857142857
2025-08-17,Chicken Fried Rice,Fast Food,432,129,118,11,140,10.0,26.9,0.0,1,0,0,60,14868.0,6,8,111.0,99.28571428571429
2025-08-18,Chicken Fried Rice,Fast Food,336,104,88,16,140,0.0,29.2,0.0,0,0,0,60,12320.0,0,8,118.0,99.42857142857143
2025-08-19,Chicken Fried Rice,Fast Food,313,96,81,15,140,0.0,24.5,0.0,0,0,0,60,11340.0,1,8,88.0,100.57142857142857
2025-08-20,Chicken Fried Rice,Fast Food,336,110,99,11,140,0.0,29.2,0.0,0,0,0,60,13860.0,2,8,81.0,100.0
2025-08-21,Chicken Fried Rice,Fast Food,331,115,102,13,140,10.0,32.9,0.0,0,0,0,60,12852.0,3,8,99.0,103.0
2025-08-22,Chicken Fried Rice,Fast Food,374,107,91,16,140,0.0,21.9,0.1,0,0,0,60,12740.0,4,8,102.0,99.42857142857143
2025-08-23,Chicken Fried Rice,Fast Food,487,125,110,15,140,0.0,21.8,0.0,1,0,0,60,15400.0,5,8,91.0,98.57142857142857
2025-08-24,Chicken Fried Rice,Fast Food,451,138,116,22,140,0.0,20.6,0.0,1,0,0,60,16240.0,6,8,110.0,98.42857142857143
2025-08-25,Chicken Fried Rice,Fast Food,359,110,96,14,140,0.0,23.6,0.0,0,0,0,60,13440.0,0,8,116.0,98.14285714285714
2025-08-26,Chicken Fried Rice,Fast Food,298,103,95,8,140,0.0,21.5,0.0,0,0,0,60,13300.0,1,8,96.0,99.28571428571429
2025-08-27,Chicken Fried Rice,Fast Food,334,88,84,4,140,0.0,26.4,0.0,0,0,0,60,11760.0,2,8,95.0,101.28571428571429
2025-08-28,Chicken Fried Rice,Fast Food,355,92,84,8,140,0.0,39.2,0.7,0,0,0,60,11760.0,3,8,84.0,99.14285714285714
2025-08-29,Chicken Fried Rice,Fast Food,369,112,98,14,140,0.0,31.0,0.0,0,0,0,60,13720.0,4,8,84.0,96.57142857142857
2025-08-30,Chicken Fried Rice,Fast Food,458,123,110,13,140,0.0,31.0,0.0,1,0,0,60,15400.0,5,8,98.0,97.57142857142857
2025-08-31,Chicken Fried Rice,Fast Food,419,155,146,9,140,10.0,28.2,6.3,1,1,0,60,18396.0,6,8,110.0,97.57142857142857
2025-09-01,Chicken Fried Rice,Fast Food,322,95,87,8,140,5.0,33.8,0.0,0,0,0,60,11571.0,0,9,146.0,101.85714285714286
2025-09-02,Chicken Fried Rice,Fast Food,337,103,92,11,140,0.0,36.1,0.0,0,0,0,60,12880.0,1,9,87.0,100.57142857142857
2025-09-03,Chicken Fried Rice,Fast Food,357,103,93,10,140,0.0,21.6,0.0,0,0,0,60,13020.0,2,9,92.0,100.14285714285714
2025-09-04,Chicken Fried Rice,Fast Food,359,108,92,16,140,0.0,36.7,0.0,0,0,0,60,12880.0,3,9,93.0,101.42857142857143
2025-09-05,Chicken Fried Rice,Fast Food,343,100,91,9,140,0.0,36.3,0.0,0,0,0,60,12740.0,4,9,92.0,102.57142857142857
2025-09-06,Chicken Fried Rice,Fast Food,474,105,100,5,140,0.0,29.5,0.0,1,0,0,60,14000.0,5,9,91.0,101.57142857142857
2025-09-07,Chicken Fried Rice,Fast Food,477,124,104,20,140,0.0,34.7,0.0,1,0,0,60,14560.0,6,9,100.0,100.14285714285714
2025-09-08,Chicken Fried Rice,Fast Food,320,113,95,18,140,10.0,29.0,0.0,0,0,0,60,11970.0,0,9,104.0,94.14285714285714
2025-09-09,Chicken Fried Rice,Fast Food,358,109,102,7,140,0.0,30.1,0.0,0,0,0,60,14280.0,1,9,95.0,95.28571428571429
2025-09-10,Chicken Fried Rice,Fast Food,387,122,104,18,140,0.0,29.6,0.0,0,0,0,60,14560.0,2,9,102.0,96.71428571428571
2025-09-11,Chicken Fried Rice,Fast Food,347,113,104,9,140,0.0,31.0,0.0,0,0,0,60,14560.0,3,9,104.0,98.28571428571429
2025-09-12,Chicken Fried Rice,Fast Food,369,118,102,16,140,5.0,22.1,0.0,0,1,0,60,13566.0,4,9,104.0,100.0
2025-09-13,Chicken Fried Rice,Fast Food,462,120,113,7,140,0.0,27.0,0.0,1,0,0,60,15820.0,5,9,102.0,101.57142857142857
2025-09-14,Chicken Fried Rice,Fast Food,432,118,103,15,140,0.0,38.2,0.7,1,0,0,60,14420.0,6,9,113.0,103.42857142857143
2025-09-15,Chicken Fried Rice,Fast Food,376,117,109,8,140,5.0,28.3,0.0,0,0,0,60,14497.0,0,9,103.0,103.28571428571429
2025-09-16,Chicken Fried Rice,Fast Food,342,90,83,7,140,0.0,19.7,0.0,0,0,0,60,11620.0,1,9,109.0,105.28571428571429
2025-09-17,Chicken Fried Rice,Fast Food,339,82,73,9,140,0.0,33.6,0.0,0,0,0,60,10220.0,2,9,83.0,102.57142857142857
2025-09-18,Chicken Fried Rice,Fast Food,401,138,121,17,140,15.0,18.1,1.6,0,0,0,60,14399.0,3,9,73.0,98.14285714285714
2025-09-19,Chicken Fried Rice,Fast Food,327,114,107,7,140,10.0,31.7,0.0,0,0,0,60,13482.0,4,9,121.0,100.57142857142857
2025-09-20,Chicken Fried Rice,Fast Food,448,133,112,21,140,0.0,27.3,0.0,1,0,0,60,15680.0,5,9,107.0,101.28571428571429
2025-09-21,Chicken Fried Rice,Fast Food,427,115,106,9,140,0.0,28.3,0.0,1,0,0,60,14840.0,6,9,112.0,101.14285714285714
2025-09-22,Chicken Fried Rice,Fast Food,310,86,80,6,140,0.0,31.6,0.2,0,0,0,60,11200.0,0,9,106.0,101.57142857142857
2025-09-23,Chicken Fried Rice,Fast Food,386,126,106,20,140,0.0,31.5,0.0,0,1,0,60,14840.0,1,9,80.0,97.42857142857143
2025-09-24,Chicken Fried Rice,Fast Food,382,120,106,14,140,0.0,31.6,0.0,0,0,0,60,14840.0,2,9,106.0,100.71428571428571
2025-09-25,Chicken Fried Rice,Fast Food,338,89,80,9,140,0.0,32.8,0.0,0,0,0,60,11200.0,3,9,106.0,105.42857142857143
2025-09-26,Chicken Fried Rice,Fast Food,316,86,80,6,140,0.0,25.2,0.0,0,0,0,60,11200.0,4,9,80.0,99.57142857142857
2025-09-27,Chicken Fried Rice,Fast Food,437,151,126,25,140,10.0,25.4,1.5,1,0,0,60,15876.0,5,9,80.0,95.71428571428571
2025-09-28,Chicken Fried Rice,Fast Food,469,135,126,9,140,15.0,24.5,0.0,1,0,0,60,14994.0,6,9,126.0,97.71428571428571
2025-09-29,Chicken Fried Rice,Fast Food,384,126,119,7,140,5.0,34.3,0.0,0,0,0,60,15827.0,0,9,126.0,100.57142857142857
2025-09-30,Chicken Fried Rice,Fast Food,328,90,77,13,140,0.0,26.6,0.0,0,0,0,60,10780.0,1,9,119.0,106.14285714285714
2025-10-01,Chicken Fried Rice,Fast Food,335,94,86,8,140,5.0,26.7,0.0,0,0,0,60,11438.0,2,10,77.0,102.0
2025-10-02,Chicken Fried Rice,Fast Food,350,109,104,5,140,0.0,30.7,0.0,0,0,0,60,14560.0,3,10,86.0,99.14285714285714
2025-10-03,Chicken Fried Rice,Fast Food,386,130,120,10,140,5.0,26.7,0.0,0,0,0,60,15960.0,4,10,104.0,102.57142857142857
2025-10-04,Chicken Fried Rice,Fast Food,417,120,107,13,140,0.0,33.2,0.0,1,0,0,60,14980.0,5,10,120.0,108.28571428571429
2025-10-05,Chicken Fried Rice,Fast Food,457,135,125,10,140,5.0,28.0,0.9,1,0,0,60,16625.0,6,10,107.0,105.57142857142857
2025-10-06,Chicken Fried Rice,Fast Food,391,114,100,14,140,5.0,26.8,0.0,0,0,0,60,13300.0,0,10,125.0,105.42857142857143
2025-10-07,Chicken Fried Rice,Fast Food,372,110,103,7,140,0.0,27.1,0.0,0,0,0,60,14420.0,1,10,100.0,102.71428571428571
2025-10-08,Chicken Fried Rice,Fast Food,338,102,86,16,140,0.0,30.6,0.0,0,0,0,60,12040.0,2,10,103.0,106.42857142857143
2025-10-09,Chicken Fried Rice,Fast Food,353,95,90,5,140,0.0,33.0,0.0,0,0,0,60,12600.0,3,10,86.0,106.42857142857143
2025-10-10,Chicken Fried Rice,Fast Food,348,129,108,21,140,10.0,24.1,0.0,0,0,0,60,13608.0,4,10,90.0,104.42857142857143
2025-10-11,Chicken Fried Rice,Fast Food,445,106,91,15,140,0.0,28.6,0.0,1,0,0,60,12740.0,5,10,108.0,102.71428571428571
2025-10-12,Chicken Fried Rice,Fast Food,459,170,143,27,140,0.0,33.4,3.0,1,0,0,60,20020.0,6,10,91.0,100.42857142857143
2025-10-13,Chicken Fried Rice,Fast Food,356,94,84,10,140,0.0,28.4,0.0,0,0,0,60,11760.0,0,10,143.0,103.0
2025-10-14,Chicken Fried Rice,Fast Food,395,109,94,15,140,0.0,40.7,0.0,0,0,0,60,13160.0,1,10,84.0,100.71428571428571
2025-10-15,Chicken Fried Rice,Fast Food,357,132,117,15,140,15.0,31.5,0.0,0,0,0,60,13923.0,2,10,94.0,99.42857142857143
2025-10-16,Chicken Fried Rice,Fast Food,353,89,85,4,140,0.0,28.1,0.0,0,0,0,60,11900.0,3,10,117.0,103.85714285714286
2025-10-17,Chicken Fried Rice,Fast Food,329,97,91,6,140,0.0,29.3,0.0,0,0,0,60,12740.0,4,10,85.0,103.14285714285714
2025-10-18,Chicken Fried Rice,Fast Food,416,115,107,8,140,0.0,26.6,0.0,1,0,0,60,14980.0,5,10,91.0,100.71428571428571
2025-10-19,Chicken Fried Rice,Fast Food,432,138,131,7,140,0.0,32.2,2.4,1,0,0,60,18340.0,6,10,107.0,103.0
2025-10-20,Chicken Fried Rice,Fast Food,356,95,86,9,140,0.0,26.5,0.0,0,0,0,60,12040.0,0,10,131.0,101.28571428571429
2025-10-21,Chicken Fried Rice,Fast Food,356,107,94,13,140,0.0,27.8,0.0,0,0,0,60,13160.0,1,10,86.0,101.57142857142857
2025-10-22,Chicken Fried Rice,Fast Food,327,86,76,10,140,0.0,30.5,0.0,0,0,0,60,10640.0,2,10,94.0,101.57142857142857
2025-10-23,Chicken Fried Rice,Fast Food,350,87,79,8,140,0.0,32.4,0.0,0,0,0,60,11060.0,3,10,76.0,95.71428571428571
2025-10-24,Chicken Fried Rice,Fast Food,359,124,105,19,140,10.0,37.6,0.0,0,0,0,60,13230.0,4,10,79.0,94.85714285714286
2025-10-25,Chicken Fried Rice,Fast Food,488,134,113,21,140,5.0,27.9,0.0,1,0,0,60,15029.0,5,10,105.0,96.85714285714286
2025-10-26,Chicken Fried Rice,Fast Food,441,134,116,18,140,0.0,30.4,0.0,1,0,0,60,16240.0,6,10,113.0,97.71428571428571
2025-10-27,Chicken Fried Rice,Fast Food,376,121,102,19,140,0.0,23.2,0.0,0,0,0,60,14280.0,0,10,116.0,95.57142857142857
2025-01-01,Paneer Butter Masala,Curry,357,62,57,5,180,0.0,24.4,0.1,0,0,0,70,10260.0,2,1,57.0,97.16666666666667
2025-01-02,Paneer Butter Masala,Curry,334,87,73,14,180,15.0,31.6,0.0,0,0,0,70,11169.0,3,1,57.0,91.0
2025-01-03,Paneer Butter Masala,Curry,319,72,68,4,180,10.0,34.1,0.0,0,0,0,70,11016.0,4,1,73.0,90.5
2025-01-04,Paneer Butter Masala,Curry,421,91,79,12,180,10.0,26.4,0.0,1,0,0,70,12798.0,5,1,68.0,88.66666666666667
2025-01-05,Paneer Butter Masala,Curry,420,72,64,8,180,0.0,24.5,0.0,1,0,0,70,11520.0,6,1,79.0,84.33333333333333
2025-01-06,Paneer Butter Masala,Curry,336,70,62,8,180,10.0,28.5,0.0,0,0,0,70,10044.0,0,1,64.0,76.16666666666667
2025-01-07,Paneer Butter Masala,Curry,341,84,73,11,180,15.0,26.5,0.8,0,0,0,70,11169.0,1,1,62.0,67.16666666666667
2025-01-08,Paneer Butter Masala,Curry,333,54,47,7,180,0.0,21.6,1.4,0,0,0,70,8460.0,2,1,73.0,68.0
2025-01-09,Paneer Butter Masala,Curry,335,70,66,4,180,5.0,25.0,1.3,0,0,0,70,11286.0,3,1,47.0,66.57142857142857
2025-01-10,Paneer Butter Masala,Curry,309,78,66,12,180,5.0,32.8,0.0,0,0,0,70,11286.0,4,1,66.0,65.57142857142857
2025-01-11,Paneer Butter Masala,Curry,419,81,72,9,180,5.0,30.9,0.0,1,0,0,70,12312.0,5,1,66.0,65.28571428571429
2025-01-12,Paneer Butter Masala,Curry,443,97,82,15,180,15.0,28.8,0.0,1,0,0,70,12546.0,6,1,72.0,64.28571428571429
2025-01-13,Paneer Butter Masala,Curry,341,82,71,11,180,5.0,35.2,0.0,0,0,0,70,12141.0,0,1,82.0,66.85714285714286
2025-01-14,Paneer Butter Masala,Curry,362,67,63,4,180,0.0,27.0,0.0,0,0,0,70,11340.0,1,1,71.0,68.14285714285714
2025-01-15,Paneer Butter Masala,Curry,391,92,77,15,180,0.0,25.5,0.0,0,1,0,70,13860.0,2,1,63.0,66.71428571428571
2025-01-16,Paneer Butter Masala,Curry,412,68,63,5,180,5.0,21.7,0.0,0,1,0,70,10773.0,3,1,77.0,71.0
2025-01-17,Paneer Butter Masala,Curry,396,88,79,9,180,0.0,28.8,1.0,0,0,0,70,14220.0,4,1,63.0,70.57142857142857
2025-01-18,Paneer Butter Masala,Curry,402,86,80,6,180,15.0,27.0,0.0,1,0,0,70,12240.0,5,1,79.0,72.42857142857143
2025-01-19,Paneer Butter Masala,Curry,521,83,72,11,180,5.0,27.1,1.8,1,1,0,70,12312.0,6,1,80.0,73.57142857142857
2025-01-20,Paneer Butter Masala,Curry,382,85,75,10,180,15.0,27.8,0.0,0,0,0,70,11475.0,0,1,72.0,72.14285714285714
2025-01-21,Paneer Butter Masala,Curry,349,70,60,10,180,5.0,26.5,0.0,0,0,0,70,10260.0,1,1,75.0,72.71428571428571
2025-01-22,Paneer Butter Masala,Curry,332,59,56,3,180,0.0,27.6,0.0,0,0,0,70,10080.0,2,1,60.0,72.28571428571429
2025-01-23,Paneer Butter Masala,Curry,361,108,94,14,180,15.0,28.3,0.0,0,0,0,70,14382.0,3,1,56.0,69.28571428571429
2025-01-24,Paneer Butter Masala,Curry,375,101,88,13,180,10.0,34.9,0.9,0,0,0,70,14256.0,4,1,94.0,73.71428571428571
2025-01-25,Paneer Butter Masala,Curry,488,65,62,3,180,0.0,35.9,0.0,1,1,0,70,11160.0,5,1,88.0,75.0
2025-01-26,Paneer Butter Masala,Curry,442,62,59,3,180,0.0,30.2,0.0,1,0,0,70,10620.0,6,1,62.0,72.42857142857143
2025-01-27,Paneer Butter Masala,Curry,374,55,50,5,180,0.0,28.8,0.0,0,0,0,70,9000.0,0,1,59.0,70.57142857142857
2025-01-28,Paneer Butter Masala,Curry,307,43,41,2,180,0.0,36.7,0.0,0,0,0,70,7380.0,1,1,50.0,67.0
2025-01-29,Paneer Butter Masala,Curry,338,66,56,10,180,5.0,27.8,0.3,0,0,0,70,9576.0,2,1,41.0,64.28571428571429
2025-01-30,Paneer Butter Masala,Curry,409,76,72,4,180,0.0,33.8,0.0,0,0,0,70,12960.0,3,1,56.0,64.28571428571429
2025-01-31,Paneer Butter Masala,Curry,322,54,51,3,180,0.0,26.8,3.3,0,0,0,70,9180.0,4,1,72.0,61.142857142857146
2025-02-01,Paneer Butter Masala,Curry,438,81,76,5,180,15.0,34.7,0.2,1,0,0,70,11628.0,5,2,51.0,55.857142857142854
2025-02-02,Paneer Butter Masala,Curry,463,86,81,5,180,5.0,21.7,0.0,1,0,0,70,13851.0,6,2,76.0,57.857142857142854
2025-02-03,Paneer Butter Masala,Curry,334,73,63,10,180,15.0,28.1,0.0,0,0,0,70,9639.0,0,2,81.0,61.0
2025-02-04,Paneer Butter Masala,Curry,356,68,58,10,180,0.0,35.8,2.4,0,0,0,70,10440.0,1,2,63.0,62.857142857142854
2025-02-05,Paneer Butter Masala,Curry,370,78,67,11,180,0.0,25.8,0.0,0,0,0,70,12060.0,2,2,58.0,65.28571428571429
2025-02-06,Paneer Butter Masala,Curry,360,87,77,10,180,5.0,37.5,0.0,0,0,0,70,13167.0,3,2,67.0,66.85714285714286
2025-02-07,Paneer Butter Masala,Curry,356,75,70,5,180,5.0,34.2,0.0,0,0,0,70,11970.0,4,2,77.0,67.57142857142857
2025-02-08,Paneer Butter Masala,Curry,463,76,69,7,180,0.0,42.7,0.0,1,0,0,70,12420.0,5,2,70.0,70.28571428571429
2025-02-09,Paneer Butter Masala,Curry,444,80,72,8,180,0.0,29.3,0.0,1,0,0,70,12960.0,6,2,69.0,69.28571428571429
2025-02-10,Paneer Butter Masala,Curry,353,75,70,5,180,0.0,29.4,0.1,0,0,0,70,12600.0,0,2,72.0,68.0
2025-02-11,Paneer Butter Masala,Curry,373,72,67,5,180,5.0,26.1,0.3,0,0,0,70,11457.0,1,2,70.0,69.0
2025-02-12,Paneer Butter Masala,Curry,326,71,66,5,180,0.0,26.7,0.0,0,0,0,70,11880.0,2,2,67.0,70.28571428571429
2025-02-13,Paneer Butter Masala,Curry,374,53,50,3,180,0.0,27.3,3.0,0,0,0,70,9000.0,3,2,66.0,70.14285714285714
2025-02-14,Paneer Butter Masala,Curry,325,79,70,9,180,15.0,31.0,0.0,0,0,0,70,10710.0,4,2,50.0,66.28571428571429
2025-02-15,Paneer Butter Masala,Curry,504,78,70,8,180,0.0,23.6,2.0,1,1,0,70,12600.0,5,2,70.0,66.28571428571429
2025-02-16,Paneer Butter Masala,Curry,433,69,59,10,180,5.0,30.0,0.0,1,0,0,70,10089.0,6,2,70.0,66.42857142857143
2025-02-17,Paneer Butter Masala,Curry,317,77,71,6,180,10.0,35.7,4.5,0,0,0,70,11502.0,0,2,59.0,64.57142857142857
2025-02-18,Paneer Butter Masala,Curry,426,91,84,7,180,10.0,24.6,0.0,0,1,0,70,13608.0,1,2,71.0,64.71428571428571
2025-02-19,Paneer Butter Masala,Curry,333,82,69,13,180,5.0,25.5,0.0,0,0,0,70,11799.0,2,2,84.0,67.14285714285714
2025-02-20,Paneer Butter Masala,Curry,386,71,65,6,180,0.0,27.8,0.0,0,0,0,70,11700.0,3,2,69.0,67.57142857142857
2025-02-21,Paneer Butter Masala,Curry,379,63,60,3,180,0.0,28.9,0.0,0,0,0,70,10800.0,4,2,65.0,69.71428571428571
2025-02-22,Paneer Butter Masala,Curry,412,82,78,4,180,10.0,31.0,0.0,1,0,0,70,12636.0,5,2,60.0,68.28571428571429
2025-02-23,Paneer Butter Masala,Curry,362,92,79,13,180,10.0,39.0,0.0,1,0,0,70,12798.0,6,2,78.0,69.42857142857143
2025-02-24,Paneer Butter Masala,Curry,353,70,62,8,180,0.0,29.2,0.0,0,0,0,70,11160.0,0,2,79.0,72.28571428571429
2025-02-25,Paneer Butter Masala,Curry,380,75,71,4,180,5.0,31.1,0.0,0,0,0,70,12141.0,1,2,62.0,71.0
2025-02-26,Paneer Butter Masala,Curry,359,67,63,4,180,15.0,27.2,0.0,0,0,0,70,9639.0,2,2,71.0,69.14285714285714
2025-02-27,Paneer Butter Masala,Curry,344,62,53,9,180,0.0,27.2,0.0,0,0,0,70,9540.0,3,2,63.0,68.28571428571429
2025-02-28,Paneer Butter Masala,Curry,361,69,65,4,180,5.0,31.7,0.0,0,0,0,70,11115.0,4,2,53.0,66.57142857142857
2025-03-01,Paneer Butter Masala,Curry,434,54,47,7,180,0.0,22.8,0.0,1,0,0,70,8460.0,5,3,65.0,67.28571428571429
2025-03-02,Paneer Butter Masala,Curry,471,72,64,8,180,0.0,37.5,0.0,1,0,0,70,11520.0,6,3,47.0,62.857142857142854
2025-03-03,Paneer Butter Masala,Curry,287,64,56,8,180,0.0,34.6,0.0,0,0,1,70,10080.0,0,3,64.0,60.714285714285715
2025-03-04,Paneer Butter Masala,Curry,255,54,51,3,180,5.0,32.6,0.0,0,0,1,70,8721.0,1,3,56.0,59.857142857142854
2025-03-05,Paneer Butter Masala,Curry,355,74,69,5,180,15.0,33.2,0.0,0,0,0,70,10557.0,2,3,51.0,57.0
2025-03-06,Paneer Butter Masala,Curry,299,75,69,6,180,15.0,29.9,3.1,0,0,1,70,10557.0,3,3,69.0,57.857142857142854
2025-03-07,Paneer Butter Masala,Curry,343,68,60,8,180,5.0,28.6,0.0,0,0,0,70,10260.0,4,3,69.0,60.142857142857146
2025-03-08,Paneer Butter Masala,Curry,449,84,76,8,180,0.0,29.6,0.0,1,0,0,70,13680.0,5,3,60.0,59.42857142857143
2025-03-09,Paneer Butter Masala,Curry,456,88,79,9,180,5.0,24.8,0.0,1,0,0,70,13509.0,6,3,76.0,63.57142857142857
2025-03-10,Paneer Butter Masala,Curry,310,54,47,7,180,10.0,24.6,0.0,0,0,1,70,7614.0,0,3,79.0,65.71428571428571
2025-03-11,Paneer Butter Masala,Curry,238,34,30,4,180,0.0,28.7,0.0,0,0,1,70,5400.0,1,3,47.0,64.42857142857143
2025-03-12,Paneer Butter Masala,Curry,231,54,46,8,180,15.0,24.2,0.0,0,0,1,70,7038.0,2,3,30.0,61.42857142857143
2025-03-13,Paneer Butter Masala,Curry,302,57,53,4,180,5.0,25.2,0.0,0,0,0,70,9063.0,3,3,46.0,58.142857142857146
2025-03-14,Paneer Butter Masala,Curry,351,86,73,13,180,5.0,27.1,0.0,0,0,0,70,12483.0,4,3,53.0,55.857142857142854
2025-03-15,Paneer Butter Masala,Curry,505,93,82,11,180,5.0,27.2,1.5,1,0,0,70,14022.0,5,3,73.0,57.714285714285715
2025-03-16,Paneer Butter Masala,Curry,490,88,82,6,180,10.0,26.0,0.0,1,0,0,70,13284.0,6,3,82.0,58.57142857142857
2025-03-17,Paneer Butter Masala,Curry,380,93,78,15,180,0.0,22.2,0.0,0,0,0,70,14040.0,0,3,82.0,59.0
2025-03-18,Paneer Butter Masala,Curry,365,95,90,5,180,10.0,35.5,0.0,0,0,0,70,14580.0,1,3,78.0,63.42857142857143
2025-03-19,Paneer Butter Masala,Curry,224,55,47,8,180,15.0,34.8,0.0,0,0,1,70,7191.0,2,3,90.0,72.0
2025-03-20,Paneer Butter Masala,Curry,331,103,89,14,180,15.0,29.1,1.8,0,0,0,70,13617.0,3,3,47.0,72.14285714285714
2025-03-21,Paneer Butter Masala,Curry,332,62,55,7,180,0.0,25.0,0.0,0,1,1,70,9900.0,4,3,89.0,77.28571428571429
2025-03-22,Paneer Butter Masala,Curry,442,55,52,3,180,5.0,26.9,0.0,1,0,0,70,8892.0,5,3,55.0,74.71428571428571
2025-03-23,Paneer Butter Masala,Curry,449,75,72,3,180,0.0,21.0,0.0,1,0,0,70,12960.0,6,3,52.0,70.42857142857143
2025-03-24,Paneer Butter Masala,Curry,268,68,61,7,180,10.0,24.0,0.0,0,0,1,70,9882.0,0,3,72.0,69.0
2025-03-25,Paneer Butter Masala,Curry,333,67,58,9,180,0.0,34.6,0.0,0,0,0,70,10440.0,1,3,61.0,66.57142857142857
2025-03-26,Paneer Butter Masala,Curry,252,57,51,6,180,5.0,31.4,0.0,0,0,1,70,8721.0,2,3,58.0,62.0
2025-03-27,Paneer Butter Masala,Curry,323,69,61,8,180,10.0,39.0,0.6,0,0,0,70,9882.0,3,3,51.0,62.57142857142857
2025-03-28,Paneer Butter Masala,Curry,368,77,66,11,180,0.0,32.5,0.0,0,0,0,70,11880.0,4,3,61.0,58.57142857142857
2025-03-29,Paneer Butter Masala,Curry,495,76,66,10,180,0.0,38.5,0.0,1,0,0,70,11880.0,5,3,66.0,60.142857142857146
2025-03-30,Paneer Butter Masala,Curry,461,76,70,6,180,0.0,24.0,0.0,1,0,0,70,12600.0,6,3,66.0,62.142857142857146
2025-03-31,Paneer Butter Masala,Curry,311,56,50,6,180,0.0,28.0,0.0,0,0,0,70,9000.0,0,3,70.0,61.857142857142854
2025-04-01,Paneer Butter Masala,Curry,258,49,43,6,180,0.0,29.1,0.0,0,0,1,70,7740.0,1,4,50.0,60.285714285714285
2025-04-02,Paneer Butter Masala,Curry,260,41,35,6,180,0.0,39.3,0.0,0,0,1,70,6300.0,2,4,43.0,58.142857142857146
2025-04-03,Paneer Butter Masala,Curry,336,56,49,7,180,0.0,32.6,0.0,0,0,0,70,8820.0,3,4,35.0,55.857142857142854
2025-04-04,Paneer Butter Masala,Curry,342,77,74,3,180,10.0,29.0,0.5,0,0,0,70,11988.0,4,4,49.0,54.142857142857146
2025-04-05,Paneer Butter Masala,Curry,418,78,69,9,180,0.0,34.0,1.2,1,0,0,70,12420.0,5,4,74.0,55.285714285714285
2025-04-06,Paneer Butter Masala,Curry,418,59,56,3,180,0.0,30.8,0.9,1,0,0,70,10080.0,6,4,69.0,55.714285714285715
2025-04-07,Paneer Butter Masala,Curry,250,49,42,7,180,0.0,35.8,0.0,0,0,1,70,7560.0,0,4,56.0,53.714285714285715
2025-04-08,Paneer Butter Masala,Curry,372,71,62,9,180,0.0,32.5,1.1,0,0,0,70,11160.0,1,4,42.0,52.57142857142857
2025-04-09,Paneer Butter Masala,Curry,280,50,43,7,180,5.0,25.2,0.0,0,0,1,70,7353.0,2,4,62.0,55.285714285714285
2025-04-10,Paneer Butter Masala,Curry,278,35,32,3,180,0.0,42.9,0.0,0,0,1,70,5760.0,3,4,43.0,56.42857142857143
2025-04-11,Paneer Butter Masala,Curry,246,50,44,6,180,15.0,28.0,0.0,0,0,1,70,6732.0,4,4,32.0,54.0
2025-04-12,Paneer Butter Masala,Curry,484,94,81,13,180,5.0,28.7,0.0,1,0,0,70,13851.0,5,4,44.0,49.714285714285715
2025-04-13,Paneer Butter Masala,Curry,446,96,83,13,180,10.0,35.5,0.0,1,0,0,70,13446.0,6,4,81.0,51.42857142857143
2025-04-14,Paneer Butter Masala,Curry,327,49,43,6,180,0.0,35.4,1.8,0,0,0,70,7740.0,0,4,83.0,55.285714285714285
2025-04-15,Paneer Butter Masala,Curry,338,70,60,10,180,0.0,30.4,0.0,0,0,0,70,10800.0,1,4,43.0,55.42857142857143
2025-04-16,Paneer Butter Masala,Curry,402,62,56,6,180,0.0,26.6,0.0,0,0,0,70,10080.0,2,4,60.0,55.142857142857146
2025-04-17,Paneer Butter Masala,Curry,214,39,34,5,180,0.0,27.8,0.2,0,0,1,70,6120.0,3,4,56.0,57.0
2025-04-18,Paneer Butter Masala,Curry,296,50,45,5,180,0.0,33.4,0.0,0,0,1,70,8100.0,4,4,34.0,57.285714285714285
2025-04-19,Paneer Butter Masala,Curry,434,87,76,11,180,5.0,30.7,0.0,1,0,0,70,12996.0,5,4,45.0,57.42857142857143
2025-04-20,Paneer Butter Masala,Curry,451,57,54,3,180,0.0,33.8,3.5,1,0,0,70,9720.0,6,4,76.0,56.714285714285715
2025-04-21,Paneer Butter Masala,Curry,322,45,40,5,180,0.0,25.3,0.0,0,0,0,70,7200.0,0,4,54.0,52.57142857142857
2025-04-22,Paneer Butter Masala,Curry,382,60,56,4,180,0.0,23.9,0.0,0,0,0,70,10080.0,1,4,40.0,52.142857142857146
2025-04-23,Paneer Butter Masala,Curry,347,71,61,10,180,0.0,27.8,0.7,0,0,0,70,10980.0,2,4,56.0,51.57142857142857
2025-04-24,Paneer Butter Masala,Curry,309,52,48,4,180,0.0,22.6,0.0,0,0,1,70,8640.0,3,4,61.0,52.285714285714285
2025-04-25,Paneer Butter Masala,Curry,372,76,65,11,180,0.0,31.5,0.0,0,0,0,70,11700.0,4,4,48.0,54.285714285714285
2025-04-26,Paneer Butter Masala,Curry,449,72,64,8,180,0.0,34.4,0.9,1,0,0,70,11520.0,5,4,65.0,57.142857142857146
2025-04-27,Paneer Butter Masala,Curry,452,104,88,16,180,0.0,32.8,0.2,1,0,0,70,15840.0,6,4,64.0,55.42857142857143
2025-04-28,Paneer Butter Masala,Curry,327,69,60,9,180,0.0,35.5,0.0,0,0,0,70,10800.0,0,4,88.0,60.285714285714285
2025-04-29,Paneer Butter Masala,Curry,355,76,70,6,180,10.0,26.2,0.0,0,0,0,70,11340.0,1,4,60.0,63.142857142857146
2025-04-30,Paneer Butter Masala,Curry,290,56,49,7,180,0.0,30.4,0.5,0,0,1,70,8820.0,2,4,70.0,65.14285714285714
2025-05-01,Paneer Butter Masala,Curry,369,51,48,3,180,0.0,24.5,0.0,0,0,0,70,8640.0,3,5,49.0,63.42857142857143
2025-05-02,Paneer Butter Masala,Curry,328,79,71,8,180,10.0,30.1,2.7,0,0,0,70,11502.0,4,5,48.0,63.42857142857143
2025-05-03,Paneer Butter Masala,Curry,473,84,74,10,180,0.0,37.1,0.3,1,0,0,70,13320.0,5,5,71.0,64.28571428571429
2025-05-04,Paneer Butter Masala,Curry,437,83,71,12,180,0.0,30.1,0.0,1,0,0,70,12780.0,6,5,74.0,65.71428571428571
2025-05-05,Paneer Butter Masala,Curry,315,47,40,7,180,0.0,35.4,0.0,0,0,0,70,7200.0,0,5,71.0,63.285714285714285
2025-05-06,Paneer Butter Masala,Curry,349,64,54,10,180,0.0,16.8,0.0,0,0,0,70,9720.0,1,5,40.0,60.42857142857143
2025-05-07,Paneer Butter Masala,Curry,356,83,75,8,180,10.0,19.2,0.0,0,0,0,70,12150.0,2,5,54.0,58.142857142857146
2025-05-08,Paneer Butter Masala,Curry,350,68,59,9,180,5.0,26.0,0.0,0,0,0,70,10089.0,3,5,75.0,61.857142857142854
2025-05-09,Paneer Butter Masala,Curry,344,64,54,10,180,5.0,33.2,0.0,0,0,0,70,9234.0,4,5,59.0,63.42857142857143
2025-05-10,Paneer Butter Masala,Curry,394,83,77,6,180,15.0,31.1,0.0,1,0,0,70,11781.0,5,5,54.0,61.0
2025-05-11,Paneer Butter Masala,Curry,451,91,80,11,180,5.0,30.8,2.4,1,0,0,70,13680.0,6,5,77.0,61.42857142857143
2025-05-12,Paneer Butter Masala,Curry,365,71,64,7,180,0.0,30.0,0.0,0,0,0,70,11520.0,0,5,80.0,62.714285714285715
2025-05-13,Paneer Butter Masala,Curry,433,69,64,5,180,0.0,26.8,0.0,0,1,0,70,11520.0,1,5,64.0,66.14285714285714
2025-05-14,Paneer Butter Masala,Curry,363,77,69,8,180,0.0,33.4,0.0,0,0,0,70,12420.0,2,5,64.0,67.57142857142857
2025-05-15,Paneer Butter Masala,Curry,354,61,55,6,180,10.0,17.0,0.0,0,0,0,70,8910.0,3,5,69.0,66.71428571428571
2025-05-16,Paneer Butter Masala,Curry,324,60,54,6,180,10.0,30.2,0.0,0,0,0,70,8748.0,4,5,55.0,66.14285714285714
2025-05-17,Paneer Butter Masala,Curry,485,87,80,7,180,0.0,27.0,0.0,1,0,0,70,14400.0,5,5,54.0,66.14285714285714
2025-05-18,Paneer Butter Masala,Curry,477,94,88,6,180,10.0,45.5,0.0,1,0,0,70,14256.0,6,5,80.0,66.57142857142857
2025-05-19,Paneer Butter Masala,Curry,340,68,59,9,180,15.0,24.5,0.0,0,0,0,70,9027.0,0,5,88.0,67.71428571428571
2025-05-20,Paneer Butter Masala,Curry,296,53,46,7,180,5.0,26.7,2.4,0,0,0,70,7866.0,1,5,59.0,67.0
2025-05-21,Paneer Butter Masala,Curry,334,56,51,5,180,0.0,30.3,0.0,0,0,0,70,9180.0,2,5,46.0,64.42857142857143
2025-05-22,Paneer Butter Masala,Curry,341,50,45,5,180,0.0,29.2,0.0,0,0,0,70,8100.0,3,5,51.0,61.857142857142854
2025-05-23,Paneer Butter Masala,Curry,333,59,56,3,180,0.0,25.9,0.0,0,0,0,70,10080.0,4,5,45.0,60.42857142857143
2025-05-24,Paneer Butter Masala,Curry,475,92,80,12,180,5.0,35.1,0.0,1,0,0,70,13680.0,5,5,56.0,60.714285714285715
2025-05-25,Paneer Butter Masala,Curry,460,88,84,4,180,0.0,28.1,0.0,1,0,0,70,15120.0,6,5,80.0,60.714285714285715
2025-05-26,Paneer Butter Masala,Curry,330,61,58,3,180,5.0,25.1,0.0,0,0,0,70,9918.0,0,5,84.0,60.142857142857146
2025-05-27,Paneer Butter Masala,Curry,367,79,69,10,180,0.0,37.1,0.0,0,0,0,70,12420.0,1,5,58.0,60.0
2025-05-28,Paneer Butter Masala,Curry,336,74,70,4,180,15.0,24.9,0.0,0,0,0,70,10710.0,2,5,69.0,63.285714285714285
2025-05-29,Paneer Butter Masala,Curry,324,41,38,3,180,0.0,32.7,0.0,0,0,0,70,6840.0,3,5,70.0,66.0
2025-05-30,Paneer Butter Masala,Curry,344,86,74,12,180,10.0,23.2,0.0,0,0,0,70,11988.0,4,5,38.0,65.0
2025-05-31,Paneer Butter Masala,Curry,493,75,70,5,180,5.0,30.6,0.1,1,0,0,70,11970.0,5,5,74.0,67.57142857142857
2025-06-01,Paneer Butter Masala,Curry,450,77,70,7,180,0.0,20.6,0.0,1,0,0,70,12600.0,6,6,70.0,66.14285714285714
2025-06-02,Paneer Butter Masala,Curry,348,71,61,10,180,0.0,28.5,0.0,0,0,0,70,10980.0,0,6,70.0,64.14285714285714
2025-06-03,Paneer Butter Masala,Curry,347,75,68,7,180,10.0,26.9,0.0,0,0,0,70,11016.0,1,6,61.0,64.57142857142857
2025-06-04,Paneer Butter Masala,Curry,365,68,65,3,180,5.0,20.6,0.6,0,0,0,70,11115.0,2,6,68.0,64.42857142857143
2025-06-05,Paneer Butter Masala,Curry,360,86,74,12,180,15.0,32.1,0.0,0,0,0,70,11322.0,3,6,65.0,63.714285714285715
2025-06-06,Paneer Butter Masala,Curry,373,65,56,9,180,0.0,25.1,0.6,0,0,0,70,10080.0,4,6,74.0,68.85714285714286
2025-06-07,Paneer Butter Masala,Curry,429,71,61,10,180,5.0,34.5,0.0,1,0,0,70,10431.0,5,6,56.0,66.28571428571429
2025-06-08,Paneer Butter Masala,Curry,410,60,57,3,180,0.0,31.7,1.6,1,0,0,70,10260.0,6,6,61.0,65.0
2025-06-09,Paneer Butter Masala,Curry,380,88,75,13,180,0.0,31.6,0.8,0,0,0,70,13500.0,0,6,57.0,63.142857142857146
2025-06-10,Paneer Butter Masala,Curry,389,80,71,9,180,0.0,28.2,0.0,0,0,0,70,12780.0,1,6,75.0,65.14285714285714
2025-06-11,Paneer Butter Masala,Curry,377,91,82,9,180,5.0,37.4,0.0,0,0,0,70,14022.0,2,6,71.0,65.57142857142857
2025-06-12,Paneer Butter Masala,Curry,361,98,89,9,180,15.0,32.1,0.0,0,0,0,70,13617.0,3,6,82.0,68.0
2025-06-13,Paneer Butter Masala,Curry,360,66,56,10,180,0.0,26.2,0.0,0,0,0,70,10080.0,4,6,89.0,70.14285714285714
2025-06-14,Paneer Butter Masala,Curry,431,78,67,11,180,15.0,29.0,0.4,1,0,0,70,10251.0,5,6,56.0,70.14285714285714
2025-06-15,Paneer Butter Masala,Curry,440,71,61,10,180,0.0,27.1,0.4,1,0,0,70,10980.0,6,6,67.0,71.0
2025-06-16,Paneer Butter Masala,Curry,329,70,64,6,180,5.0,29.6,0.0,0,0,0,70,10944.0,0,6,61.0,71.57142857142857
2025-06-17,Paneer Butter Masala,Curry,266,43,41,2,180,5.0,34.2,0.0,0,0,0,70,7011.0,1,6,64.0,70.0
2025-06-18,Paneer Butter Masala,Curry,320,71,67,4,180,15.0,37.4,1.3,0,0,0,70,10251.0,2,6,41.0,65.71428571428571
2025-06-19,Paneer Butter Masala,Curry,332,73,66,7,180,0.0,25.8,1.7,0,0,0,70,11880.0,3,6,67.0,63.57142857142857
2025-06-20,Paneer Butter Masala,Curry,345,79,68,11,180,15.0,31.5,0.0,0,0,0,70,10404.0,4,6,66.0,60.285714285714285
2025-06-21,Paneer Butter Masala,Curry,433,74,69,5,180,0.0,19.3,0.0,1,0,0,70,12420.0,5,6,68.0,62.0
2025-06-22,Paneer Butter Masala,Curry,481,86,74,12,180,0.0,27.7,0.0,1,0,0,70,13320.0,6,6,69.0,62.285714285714285
2025-06-23,Paneer Butter Masala,Curry,320,77,74,3,180,15.0,31.3,0.0,0,0,0,70,11322.0,0,6,74.0,64.14285714285714
2025-06-24,Paneer Butter Masala,Curry,340,63,58,5,180,0.0,21.8,0.0,0,0,0,70,10440.0,1,6,74.0,65.57142857142857
2025-06-25,Paneer Butter Masala,Curry,365,57,53,4,180,0.0,37.6,0.0,0,0,0,70,9540.0,2,6,58.0,68.0
2025-06-26,Paneer Butter Masala,Curry,348,86,75,11,180,15.0,20.4,0.0,0,0,0,70,11475.0,3,6,53.0,66.0
2025-06-27,Paneer Butter Masala,Curry,357,89,75,14,180,10.0,30.5,5.9,0,0,0,70,12150.0,4,6,75.0,67.28571428571429
2025-06-28,Paneer Butter Masala,Curry,444,84,77,7,180,0.0,22.4,0.0,1,0,0,70,13860.0,5,6,75.0,68.28571428571429
2025-06-29,Paneer Butter Masala,Curry,439,92,83,9,180,0.0,29.7,0.0,1,0,0,70,14940.0,6,6,77.0,69.42857142857143
2025-06-30,Paneer Butter Masala,Curry,327,55,51,4,180,10.0,31.3,0.0,0,0,0,70,8262.0,0,6,83.0,70.71428571428571
2025-07-01,Paneer Butter Masala,Curry,320,65,55,10,180,0.0,36.4,0.3,0,0,0,70,9900.0,1,7,51.0,67.42857142857143
2025-07-02,Paneer Butter Masala,Curry,395,77,66,11,180,0.0,26.3,0.0,0,0,0,70,11880.0,2,7,55.0,67.0
2025-07-03,Paneer Butter Masala,Curry,317,65,62,3,180,15.0,33.8,5.7,0,0,0,70,9486.0,3,7,66.0,68.85714285714286
2025-07-04,Paneer Butter Masala,Curry,324,50,48,2,180,0.0,26.4,0.0,0,0,0,70,8640.0,4,7,62.0,67.0
2025-07-05,Paneer Butter Masala,Curry,402,77,70,7,180,0.0,27.5,0.0,1,0,0,70,12600.0,5,7,48.0,63.142857142857146
2025-07-06,Paneer Butter Masala,Curry,451,62,53,9,180,0.0,26.8,0.0,1,0,0,70,9540.0,6,7,70.0,62.142857142857146
2025-07-07,Paneer Butter Masala,Curry,319,58,53,5,180,0.0,26.7,0.0,0,0,0,70,9540.0,0,7,53.0,57.857142857142854
2025-07-08,Paneer Butter Masala,Curry,365,64,56,8,180,0.0,28.4,0.8,0,0,0,70,10080.0,1,7,53.0,58.142857142857146
2025-07-09,Paneer Butter Masala,Curry,317,71,61,10,180,5.0,39.1,0.0,0,0,0,70,10431.0,2,7,56.0,58.285714285714285
2025-07-10,Paneer Butter Masala,Curry,361,64,56,8,180,0.0,34.5,0.0,0,0,0,70,10080.0,3,7,61.0,57.57142857142857
2025-07-11,Paneer Butter Masala,Curry,392,89,82,7,180,0.0,25.1,0.0,0,1,0,70,14760.0,4,7,56.0,56.714285714285715
2025-07-12,Paneer Butter Masala,Curry,476,109,95,14,180,15.0,21.7,0.0,1,0,0,70,14535.0,5,7,82.0,61.57142857142857
2025-07-13,Paneer Butter Masala,Curry,479,91,79,12,180,0.0,26.4,0.0,1,0,0,70,14220.0,6,7,95.0,65.14285714285714
2025-07-14,Paneer Butter Masala,Curry,363,61,57,4,180,0.0,30.4,0.0,0,0,0,70,10260.0,0,7,79.0,68.85714285714286
2025-07-15,Paneer Butter Masala,Curry,380,70,61,9,180,5.0,31.7,0.0,0,0,0,70,10431.0,1,7,57.0,69.42857142857143
2025-07-16,Paneer Butter Masala,Curry,324,64,57,7,180,0.0,40.4,0.0,0,0,0,70,10260.0,2,7,61.0,70.14285714285714
2025-07-17,Paneer Butter Masala,Curry,370,60,52,8,180,0.0,27.1,0.0,0,0,0,70,9360.0,3,7,57.0,69.57142857142857
2025-07-18,Paneer Butter Masala,Curry,380,75,68,7,180,0.0,24.9,0.0,0,0,0,70,12240.0,4,7,52.0,69.0
2025-07-19,Paneer Butter Masala,Curry,426,94,81,13,180,0.0,25.1,0.0,1,0,0,70,14580.0,5,7,68.0,67.0
2025-07-20,Paneer Butter Masala,Curry,424,70,60,10,180,10.0,21.6,0.7,1,0,0,70,9720.0,6,7,81.0,65.0
2025-07-21,Paneer Butter Masala,Curry,331,62,57,5,180,5.0,34.0,0.9,0,0,0,70,9747.0,0,7,60.0,62.285714285714285
2025-07-22,Paneer Butter Masala,Curry,339,62,53,9,180,0.0,26.6,0.0,0,0,0,70,9540.0,1,7,57.0,62.285714285714285
2025-07-23,Paneer Butter Masala,Curry,311,45,43,2,180,0.0,36.9,0.0,0,0,0,70,7740.0,2,7,53.0,61.142857142857146
2025-07-24,Paneer Butter Masala,Curry,339,55,52,3,180,0.0,28.1,0.7,0,0,0,70,9360.0,3,7,43.0,59.142857142857146
2025-07-25,Paneer Butter Masala,Curry,402,71,67,4,180,0.0,30.3,0.3,0,0,0,70,12060.0,4,7,52.0,59.142857142857146
2025-07-26,Paneer Butter Masala,Curry,397,71,62,9,180,0.0,34.9,0.0,1,0,0,70,11160.0,5,7,67.0,59.0
2025-07-27,Paneer Butter Masala,Curry,445,72,65,7,180,0.0,35.2,0.0,1,0,0,70,11700.0,6,7,62.0,56.285714285714285
2025-07-28,Paneer Butter Masala,Curry,357,56,53,3,180,0.0,31.7,1.8,0,0,0,70,9540.0,0,7,65.0,57.0
2025-07-29,Paneer Butter Masala,Curry,378,86,82,4,180,5.0,24.1,0.0,0,0,0,70,14022.0,1,7,53.0,56.42857142857143
2025-07-30,Paneer Butter Masala,Curry,386,59,51,8,180,0.0,33.4,0.0,0,0,0,70,9180.0,2,7,82.0,60.57142857142857
2025-07-31,Paneer Butter Masala,Curry,364,82,70,12,180,0.0,23.5,0.0,0,0,0,70,12600.0,3,7,51.0,61.714285714285715
2025-08-01,Paneer Butter Masala,Curry,323,54,49,5,180,0.0,25.9,0.0,0,0,0,70,8820.0,4,8,70.0,64.28571428571429
2025-08-02,Paneer Butter Masala,Curry,557,98,83,15,180,0.0,33.0,3.3,1,1,0,70,14940.0,5,8,49.0,61.714285714285715
2025-08-03,Paneer Butter Masala,Curry,469,82,77,5,180,5.0,34.0,0.0,1,0,0,70,13167.0,6,8,83.0,64.71428571428571
2025-08-04,Paneer Butter Masala,Curry,329,72,61,11,180,5.0,22.7,0.0,0,0,0,70,10431.0,0,8,77.0,66.42857142857143
2025-08-05,Paneer Butter Masala,Curry,335,84,75,9,180,0.0,35.0,0.0,0,0,0,70,13500.0,1,8,61.0,67.57142857142857
2025-08-06,Paneer Butter Masala,Curry,346,82,77,5,180,10.0,31.7,0.0,0,0,0,70,12474.0,2,8,75.0,66.57142857142857
2025-08-07,Paneer Butter Masala,Curry,355,73,64,9,180,0.0,23.3,0.0,0,0,0,70,11520.0,3,8,77.0,70.28571428571429
2025-08-08,Paneer Butter Masala,Curry,426,70,67,3,180,0.0,25.4,0.0,0,1,0,70,12060.0,4,8,64.0,69.42857142857143
2025-08-09,Paneer Butter Masala,Curry,476,95,83,12,180,5.0,30.1,0.0,1,0,0,70,14193.0,5,8,67.0,72.0
2025-08-10,Paneer Butter Masala,Curry,469,100,85,15,180,15.0,38.3,0.0,1,0,0,70,13005.0,6,8,83.0,72.0
2025-08-11,Paneer Butter Masala,Curry,312,77,66,11,180,5.0,23.8,0.0,0,0,0,70,11286.0,0,8,85.0,73.14285714285714
2025-08-12,Paneer Butter Masala,Curry,357,68,65,3,180,10.0,31.5,1.2,0,0,0,70,10530.0,1,8,66.0,73.85714285714286
2025-08-13,Paneer Butter Masala,Curry,319,49,46,3,180,0.0,20.8,0.0,0,0,0,70,8280.0,2,8,65.0,72.42857142857143
2025-08-14,Paneer Butter Masala,Curry,356,58,53,5,180,0.0,36.5,2.9,0,0,0,70,9540.0,3,8,46.0,68.0
2025-08-15,Paneer Butter Masala,Curry,382,82,77,5,180,15.0,34.0,1.2,0,0,0,70,11781.0,4,8,53.0,66.42857142857143
2025-08-16,Paneer Butter Masala,Curry,479,84,77,7,180,0.0,31.3,0.0,1,0,0,70,13860.0,5,8,77.0,67.85714285714286
2025-08-17,Paneer Butter Masala,Curry,432,66,62,4,180,0.0,26.9,0.0,1,0,0,70,11160.0,6,8,77.0,67.0
2025-08-18,Paneer Butter Masala,Curry,336,60,51,9,180,0.0,29.2,0.0,0,0,0,70,9180.0,0,8,62.0,63.714285714285715
2025-08-19,Paneer Butter Masala,Curry,313,62,56,6,180,0.0,24.5,0.0,0,0,0,70,10080.0,1,8,51.0,61.57142857142857
2025-08-20,Paneer Butter Masala,Curry,336,78,71,7,180,10.0,29.2,0.0,0,0,0,70,11502.0,2,8,56.0,60.285714285714285
2025-08-21,Paneer Butter Masala,Curry,331,67,60,7,180,5.0,32.9,0.0,0,0,0,70,10260.0,3,8,71.0,63.857142857142854
2025-08-22,Paneer Butter Masala,Curry,374,94,83,11,180,15.0,21.9,0.1,0,0,0,70,12699.0,4,8,60.0,64.85714285714286
2025-08-23,Paneer Butter Masala,Curry,487,75,65,10,180,0.0,21.8,0.0,1,0,0,70,11700.0,5,8,83.0,65.71428571428571
2025-08-24,Paneer Butter Masala,Curry,451,71,63,8,180,0.0,20.6,0.0,1,0,0,70,11340.0,6,8,65.0,64.0
2025-08-25,Paneer Butter Masala,Curry,359,60,57,3,180,0.0,23.6,0.0,0,0,0,70,10260.0,0,8,63.0,64.14285714285714
2025-08-26,Paneer Butter Masala,Curry,298,56,49,7,180,0.0,21.5,0.0,0,0,0,70,8820.0,1,8,57.0,65.0
2025-08-27,Paneer Butter Masala,Curry,334,81,75,6,180,10.0,26.4,0.0,0,0,0,70,12150.0,2,8,49.0,64.0
2025-08-28,Paneer Butter Masala,Curry,355,79,71,8,180,5.0,39.2,0.7,0,0,0,70,12141.0,3,8,75.0,64.57142857142857
2025-08-29,Paneer Butter Masala,Curry,369,70,62,8,180,0.0,31.0,0.0,0,0,0,70,11160.0,4,8,71.0,66.14285714285714
2025-08-30,Paneer Butter Masala,Curry,458,80,70,10,180,5.0,31.0,0.0,1,0,0,70,11970.0,5,8,62.0,63.142857142857146
2025-08-31,Paneer Butter Masala,Curry,419,75,64,11,180,0.0,28.2,6.3,1,1,0,70,11520.0,6,8,70.0,63.857142857142854
2025-09-01,Paneer Butter Masala,Curry,322,71,61,10,180,0.0,33.8,0.0,0,0,0,70,10980.0,0,9,64.0,64.0
2025-09-02,Paneer Butter Masala,Curry,337,53,51,2,180,0.0,36.1,0.0,0,0,0,70,9180.0,1,9,61.0,64.57142857142857
2025-09-03,Paneer Butter Masala,Curry,357,50,44,6,180,5.0,21.6,0.0,0,0,0,70,7524.0,2,9,51.0,64.85714285714286
2025-09-04,Paneer Butter Masala,Curry,359,72,64,8,180,10.0,36.7,0.0,0,0,0,70,10368.0,3,9,44.0,60.42857142857143
2025-09-05,Paneer Butter Masala,Curry,343,57,53,4,180,0.0,36.3,0.0,0,0,0,70,9540.0,4,9,64.0,59.42857142857143
2025-09-06,Paneer Butter Masala,Curry,474,87,77,10,180,5.0,29.5,0.0,1,0,0,70,13167.0,5,9,53.0,58.142857142857146
2025-09-07,Paneer Butter Masala,Curry,477,79,70,9,180,0.0,34.7,0.0,1,0,0,70,12600.0,6,9,77.0,59.142857142857146
2025-09-08,Paneer Butter Masala,Curry,320,64,61,3,180,0.0,29.0,0.0,0,0,0,70,10980.0,0,9,70.0,60.0
2025-09-09,Paneer Butter Masala,Curry,358,70,61,9,180,0.0,30.1,0.0,0,0,0,70,10980.0,1,9,61.0,60.0
2025-09-10,Paneer Butter Masala,Curry,387,51,43,8,180,0.0,29.6,0.0,0,0,0,70,7740.0,2,9,61.0,61.42857142857143
2025-09-11,Paneer Butter Masala,Curry,347,69,62,7,180,15.0,31.0,0.0,0,0,0,70,9486.0,3,9,43.0,61.285714285714285
2025-09-12,Paneer Butter Masala,Curry,369,70,65,5,180,0.0,22.1,0.0,0,1,0,70,11700.0,4,9,62.0,61.0
2025-09-13,Paneer Butter Masala,Curry,462,73,68,5,180,0.0,27.0,0.0,1,0,0,70,12240.0,5,9,65.0,62.714285714285715
2025-09-14,Paneer Butter Masala,Curry,432,82,70,12,180,0.0,38.2,0.7,1,0,0,70,12600.0,6,9,68.0,61.42857142857143
2025-09-15,Paneer Butter Masala,Curry,376,81,75,6,180,15.0,28.3,0.0,0,0,0,70,11475.0,0,9,70.0,61.42857142857143
2025-09-16,Paneer Butter Masala,Curry,342,57,51,6,180,0.0,19.7,0.0,0,0,0,70,9180.0,1,9,75.0,63.42857142857143
2025-09-17,Paneer Butter Masala,Curry,339,84,74,10,180,0.0,33.6,0.0,0,0,0,70,13320.0,2,9,51.0,62.0
2025-09-18,Paneer Butter Masala,Curry,401,72,65,7,180,0.0,18.1,1.6,0,0,0,70,11700.0,3,9,74.0,66.42857142857143
2025-09-19,Paneer Butter Masala,Curry,327,76,72,4,180,15.0,31.7,0.0,0,0,0,70,11016.0,4,9,65.0,66.85714285714286
2025-09-20,Paneer Butter Masala,Curry,448,82,73,9,180,15.0,27.3,0.0,1,0,0,70,11169.0,5,9,72.0,67.85714285714286
2025-09-21,Paneer Butter Masala,Curry,427,74,67,7,180,0.0,28.3,0.0,1,0,0,70,12060.0,6,9,73.0,68.57142857142857
2025-09-22,Paneer Butter Masala,Curry,310,53,46,7,180,0.0,31.6,0.2,0,0,0,70,8280.0,0,9,67.0,68.14285714285714
2025-09-23,Paneer Butter Masala,Curry,386,91,85,6,180,5.0,31.5,0.0,0,1,0,70,14535.0,1,9,46.0,64.0
2025-09-24,Paneer Butter Masala,Curry,382,64,54,10,180,0.0,31.6,0.0,0,0,0,70,9720.0,2,9,85.0,68.85714285714286
2025-09-25,Paneer Butter Masala,Curry,338,57,50,7,180,0.0,32.8,0.0,0,0,0,70,9000.0,3,9,54.0,66.0
2025-09-26,Paneer Butter Masala,Curry,316,81,71,10,180,15.0,25.2,0.0,0,0,0,70,10863.0,4,9,50.0,63.857142857142854
2025-09-27,Paneer Butter Masala,Curry,437,88,79,9,180,0.0,25.4,1.5,1,0,0,70,14220.0,5,9,71.0,63.714285714285715
2025-09-28,Paneer Butter Masala,Curry,469,95,80,15,180,0.0,24.5,0.0,1,0,0,70,14400.0,6,9,79.0,64.57142857142857
2025-09-29,Paneer Butter Masala,Curry,384,69,64,5,180,10.0,34.3,0.0,0,0,0,70,10368.0,0,9,80.0,66.42857142857143
2025-09-30,Paneer Butter Masala,Curry,328,68,64,4,180,15.0,26.6,0.0,0,0,0,70,9792.0,1,9,64.0,69.0
2025-10-01,Paneer Butter Masala,Curry,335,74,67,7,180,10.0,26.7,0.0,0,0,0,70,10854.0,2,10,64.0,66.0
2025-10-02,Paneer Butter Masala,Curry,350,58,55,3,180,5.0,30.7,0.0,0,0,0,70,9405.0,3,10,67.0,67.85714285714286
2025-10-03,Paneer Butter Masala,Curry,386,93,84,9,180,0.0,26.7,0.0,0,0,0,70,15120.0,4,10,55.0,68.57142857142857
2025-10-04,Paneer Butter Masala,Curry,417,62,52,10,180,0.0,33.2,0.0,1,0,0,70,9360.0,5,10,84.0,70.42857142857143
2025-10-05,Paneer Butter Masala,Curry,457,92,87,5,180,0.0,28.0,0.9,1,0,0,70,15660.0,6,10,52.0,66.57142857142857
2025-10-06,Paneer Butter Masala,Curry,391,90,78,12,180,5.0,26.8,0.0,0,0,0,70,13338.0,0,10,87.0,67.57142857142857
2025-10-07,Paneer Butter Masala,Curry,372,82,69,13,180,10.0,27.1,0.0,0,0,0,70,11178.0,1,10,78.0,69.57142857142857
2025-10-08,Paneer Butter Masala,Curry,338,81,69,12,180,5.0,30.6,0.0,0,0,0,70,11799.0,2,10,69.0,70.28571428571429
2025-10-09,Paneer Butter Masala,Curry,353,73,70,3,180,10.0,33.0,0.0,0,0,0,70,11340.0,3,10,69.0,70.57142857142857
2025-10-10,Paneer Butter Masala,Curry,348,56,48,8,180,0.0,24.1,0.0,0,0,0,70,8640.0,4,10,70.0,72.71428571428571
2025-10-11,Paneer Butter Masala,Curry,445,75,65,10,180,0.0,28.6,0.0,1,0,0,70,11700.0,5,10,48.0,67.57142857142857
2025-10-12,Paneer Butter Masala,Curry,459,96,81,15,180,0.0,33.4,3.0,1,0,0,70,14580.0,6,10,65.0,69.42857142857143
2025-10-13,Paneer Butter Masala,Curry,356,70,64,6,180,0.0,28.4,0.0,0,0,0,70,11520.0,0,10,81.0,68.57142857142857
2025-10-14,Paneer Butter Masala,Curry,395,82,78,4,180,5.0,40.7,0.0,0,0,0,70,13338.0,1,10,64.0,66.57142857142857
2025-10-15,Paneer Butter Masala,Curry,357,59,50,9,180,0.0,31.5,0.0,0,0,0,70,9000.0,2,10,78.0,67.85714285714286
2025-10-16,Paneer Butter Masala,Curry,353,80,71,9,180,0.0,28.1,0.0,0,0,0,70,12780.0,3,10,50.0,65.14285714285714
2025-10-17,Paneer Butter Masala,Curry,329,101,89,12,180,15.0,29.3,0.0,0,0,0,70,13617.0,4,10,71.0,65.28571428571429
2025-10-18,Paneer Butter Masala,Curry,416,105,93,12,180,5.0,26.6,0.0,1,0,0,70,15903.0,5,10,89.0,71.14285714285714
2025-10-19,Paneer Butter Masala,Curry,432,81,76,5,180,5.0,32.2,2.4,1,0,0,70,12996.0,6,10,93.0,75.14285714285714
2025-10-20,Paneer Butter Masala,Curry,356,81,70,11,180,0.0,26.5,0.0,0,0,0,70,12600.0,0,10,76.0,74.42857142857143
2025-10-21,Paneer Butter Masala,Curry,356,49,46,3,180,0.0,27.8,0.0,0,0,0,70,8280.0,1,10,70.0,75.28571428571429
2025-10-22,Paneer Butter Masala,Curry,327,54,52,2,180,0.0,30.5,0.0,0,0,0,70,9360.0,2,10,46.0,70.71428571428571
2025-10-23,Paneer Butter Masala,Curry,350,79,70,9,180,0.0,32.4,0.0,0,0,0,70,12600.0,3,10,52.0,71.0
2025-10-24,Paneer Butter Masala,Curry,359,71,65,6,180,0.0,37.6,0.0,0,0,0,70,11700.0,4,10,70.0,70.85714285714286
2025-10-25,Paneer Butter Masala,Curry,488,64,57,7,180,0.0,27.9,0.0,1,0,0,70,10260.0,5,10,65.0,67.42857142857143
2025-10-26,Paneer Butter Masala,Curry,441,78,70,8,180,0.0,30.4,0.0,1,0,0,70,12600.0,6,10,57.0,62.285714285714285
2025-10-27,Paneer Butter Masala,Curry,376,74,66,8,180,0.0,23.2,0.0,0,0,0,70,11880.0,0,10,70.0,61.42857142857143
2025-01-01,Samosa (Plate of 2),Snacks,357,157,144,13,40,0.0,24.4,0.1,0,0,0,15,5760.0,2,1,144.0,60.0
2025-01-02,Samosa (Plate of 2),Snacks,334,149,140,9,40,0.0,31.6,0.0,0,0,0,15,5600.0,3,1,144.0,76.33333333333333
2025-01-03,Samosa (Plate of 2),Snacks,319,145,124,21,40,0.0,34.1,0.0,0,0,0,15,4960.0,4,1,140.0,91.0
2025-01-04,Samosa (Plate of 2),Snacks,421,189,172,17,40,5.0,26.4,0.0,1,0,0,15,6536.0,5,1,124.0,100.0
2025-01-05,Samosa (Plate of 2),Snacks,420,177,162,15,40,0.0,24.5,0.0,1,0,0,15,6480.0,6,1,172.0,117.83333333333333
2025-01-06,Samosa (Plate of 2),Snacks,336,173,148,25,40,0.0,28.5,0.0,0,0,0,15,5920.0,0,1,162.0,135.33333333333334
2025-01-07,Samosa (Plate of 2),Snacks,341,194,178,16,40,15.0,26.5,0.8,0,0,0,15,6052.0,1,1,148.0,148.33333333333334
2025-01-08,Samosa (Plate of 2),Snacks,333,167,146,21,40,5.0,21.6,1.4,0,0,0,15,5548.0,2,1,178.0,152.57142857142858
2025-01-09,Samosa (Plate of 2),Snacks,335,198,173,25,40,15.0,25.0,1.3,0,0,0,15,5882.0,3,1,146.0,152.85714285714286
2025-01-10,Samosa (Plate of 2),Snacks,309,168,142,26,40,0.0,32.8,0.0,0,0,0,15,5680.0,4,1,173.0,157.57142857142858
2025-01-11,Samosa (Plate of 2),Snacks,419,192,168,24,40,0.0,30.9,0.0,1,0,0,15,6720.0,5,1,142.0,160.14285714285714
2025-01-12,Samosa (Plate of 2),Snacks,443,253,215,38,40,15.0,28.8,0.0,1,0,0,15,7310.0,6,1,168.0,159.57142857142858
2025-01-13,Samosa (Plate of 2),Snacks,341,179,153,26,40,0.0,35.2,0.0,0,0,0,15,6120.0,0,1,215.0,167.14285714285714
2025-01-14,Samosa (Plate of 2),Snacks,362,170,150,20,40,0.0,27.0,0.0,0,0,0,15,6000.0,1,1,153.0,167.85714285714286
2025-01-15,Samosa (Plate of 2),Snacks,391,186,176,10,40,5.0,25.5,0.0,0,1,0,15,6688.0,2,1,150.0,163.85714285714286
2025-01-16,Samosa (Plate of 2),Snacks,412,205,189,16,40,0.0,21.7,0.0,0,1,0,15,7560.0,3,1,176.0,168.14285714285714
2025-01-17,Samosa (Plate of 2),Snacks,396,180,171,9,40,0.0,28.8,1.0,0,0,0,15,6840.0,4,1,189.0,170.42857142857142
2025-01-18,Samosa (Plate of 2),Snacks,402,176,150,26,40,0.0,27.0,0.0,1,0,0,15,6000.0,5,1,171.0,174.57142857142858
2025-01-19,Samosa (Plate of 2),Snacks,521,282,243,39,40,10.0,27.1,1.8,1,1,0,15,8748.0,6,1,150.0,172.0
2025-01-20,Samosa (Plate of 2),Snacks,382,200,172,28,40,5.0,27.8,0.0,0,0,0,15,6536.0,0,1,243.0,176.0
2025-01-21,Samosa (Plate of 2),Snacks,349,188,158,30,40,0.0,26.5,0.0,0,0,0,15,6320.0,1,1,172.0,178.71428571428572
2025-01-22,Samosa (Plate of 2),Snacks,332,199,180,19,40,15.0,27.6,0.0,0,0,0,15,6120.0,2,1,158.0,179.85714285714286
2025-01-23,Samosa (Plate of 2),Snacks,361,174,153,21,40,0.0,28.3,0.0,0,0,0,15,6120.0,3,1,180.0,180.42857142857142
2025-01-24,Samosa (Plate of 2),Snacks,375,210,199,11,40,10.0,34.9,0.9,0,0,0,15,7164.0,4,1,153.0,175.28571428571428
2025-01-25,Samosa (Plate of 2),Snacks,488,268,230,38,40,15.0,35.9,0.0,1,1,0,15,7820.0,5,1,199.0,179.28571428571428
2025-01-26,Samosa (Plate of 2),Snacks,442,222,196,26,40,10.0,30.2,0.0,1,0,0,15,7056.0,6,1,230.0,190.71428571428572
2025-01-27,Samosa (Plate of 2),Snacks,374,178,156,22,40,0.0,28.8,0.0,0,0,0,15,6240.0,0,1,196.0,184.0
2025-01-28,Samosa (Plate of 2),Snacks,307,173,155,18,40,10.0,36.7,0.0,0,0,0,15,5580.0,1,1,156.0,181.71428571428572
2025-01-29,Samosa (Plate of 2),Snacks,338,160,149,11,40,0.0,27.8,0.3,0,0,0,15,5960.0,2,1,155.0,181.28571428571428
2025-01-30,Samosa (Plate of 2),Snacks,409,185,176,9,40,0.0,33.8,0.0,0,0,0,15,7040.0,3,1,149.0,176.85714285714286
2025-01-31,Samosa (Plate of 2),Snacks,322,220,184,36,40,5.0,26.8,3.3,0,0,0,15,6992.0,4,1,176.0,180.14285714285714
2025-02-01,Samosa (Plate of 2),Snacks,438,222,187,35,40,5.0,34.7,0.2,1,0,0,15,7106.0,5,2,184.0,178.0
2025-02-02,Samosa (Plate of 2),Snacks,463,181,171,10,40,0.0,21.7,0.0,1,0,0,15,6840.0,6,2,187.0,171.85714285714286
2025-02-03,Samosa (Plate of 2),Snacks,334,146,138,8,40,0.0,28.1,0.0,0,0,0,15,5520.0,0,2,171.0,168.28571428571428
2025-02-04,Samosa (Plate of 2),Snacks,356,240,214,26,40,0.0,35.8,2.4,0,0,0,15,8560.0,1,2,138.0,165.71428571428572
2025-02-05,Samosa (Plate of 2),Snacks,370,174,159,15,40,0.0,25.8,0.0,0,0,0,15,6360.0,2,2,214.0,174.14285714285714
2025-02-06,Samosa (Plate of 2),Snacks,360,172,155,17,40,0.0,37.5,0.0,0,0,0,15,6200.0,3,2,159.0,175.57142857142858
2025-02-07,Samosa (Plate of 2),Snacks,356,238,201,37,40,15.0,34.2,0.0,0,0,0,15,6834.0,4,2,155.0,172.57142857142858
2025-02-08,Samosa (Plate of 2),Snacks,463,181,169,12,40,0.0,42.7,0.0,1,0,0,15,6760.0,5,2,201.0,175.0
2025-02-09,Samosa (Plate of 2),Snacks,444,199,172,27,40,0.0,29.3,0.0,1,0,0,15,6880.0,6,2,169.0,172.42857142857142
2025-02-10,Samosa (Plate of 2),Snacks,353,199,174,25,40,15.0,29.4,0.1,0,0,0,15,5916.0,0,2,172.0,172.57142857142858
2025-02-11,Samosa (Plate of 2),Snacks,373,195,176,19,40,10.0,26.1,0.3,0,0,0,15,6336.0,1,2,174.0,177.71428571428572
2025-02-12,Samosa (Plate of 2),Snacks,326,149,125,24,40,0.0,26.7,0.0,0,0,0,15,5000.0,2,2,176.0,172.28571428571428
2025-02-13,Samosa (Plate of 2),Snacks,374,230,219,11,40,0.0,27.3,3.0,0,0,0,15,8760.0,3,2,125.0,167.42857142857142
2025-02-14,Samosa (Plate of 2),Snacks,325,174,155,19,40,15.0,31.0,0.0,0,0,0,15,5270.0,4,2,219.0,176.57142857142858
2025-02-15,Samosa (Plate of 2),Snacks,504,212,195,17,40,0.0,23.6,2.0,1,1,0,15,7800.0,5,2,155.0,170.0
2025-02-16,Samosa (Plate of 2),Snacks,433,161,152,9,40,0.0,30.0,0.0,1,0,0,15,6080.0,6,2,195.0,173.71428571428572
2025-02-17,Samosa (Plate of 2),Snacks,317,219,185,34,40,0.0,35.7,4.5,0,0,0,15,7400.0,0,2,152.0,170.85714285714286
2025-02-18,Samosa (Plate of 2),Snacks,426,218,206,12,40,5.0,24.6,0.0,0,1,0,15,7828.0,1,2,185.0,172.42857142857142
2025-02-19,Samosa (Plate of 2),Snacks,333,193,164,29,40,5.0,25.5,0.0,0,0,0,15,6232.0,2,2,206.0,176.71428571428572
2025-02-20,Samosa (Plate of 2),Snacks,386,250,210,40,40,15.0,27.8,0.0,0,0,0,15,7140.0,3,2,164.0,182.28571428571428
2025-02-21,Samosa (Plate of 2),Snacks,379,184,157,27,40,0.0,28.9,0.0,0,0,0,15,6280.0,4,2,210.0,181.0
2025-02-22,Samosa (Plate of 2),Snacks,412,167,158,9,40,0.0,31.0,0.0,1,0,0,15,6320.0,5,2,157.0,181.28571428571428
2025-02-23,Samosa (Plate of 2),Snacks,362,175,154,21,40,5.0,39.0,0.0,1,0,0,15,5852.0,6,2,158.0,176.0
2025-02-24,Samosa (Plate of 2),Snacks,353,172,148,24,40,0.0,29.2,0.0,0,0,0,15,5920.0,0,2,154.0,176.28571428571428
2025-02-25,Samosa (Plate of 2),Snacks,380,209,175,34,40,10.0,31.1,0.0,0,0,0,15,6300.0,1,2,148.0,171.0
2025-02-26,Samosa (Plate of 2),Snacks,359,177,155,22,40,0.0,27.2,0.0,0,0,0,15,6200.0,2,2,175.0,166.57142857142858
2025-02-27,Samosa (Plate of 2),Snacks,344,188,158,30,40,0.0,27.2,0.0,0,0,0,15,6320.0,3,2,155.0,165.28571428571428
2025-02-28,Samosa (Plate of 2),Snacks,361,163,154,9,40,0.0,31.7,0.0,0,0,0,15,6160.0,4,2,158.0,157.85714285714286
2025-03-01,Samosa (Plate of 2),Snacks,434,218,204,14,40,15.0,22.8,0.0,1,0,0,15,6936.0,5,3,154.0,157.42857142857142
2025-03-02,Samosa (Plate of 2),Snacks,471,202,192,10,40,0.0,37.5,0.0,1,0,0,15,7680.0,6,3,204.0,164.0
2025-03-03,Samosa (Plate of 2),Snacks,287,133,124,9,40,0.0,34.6,0.0,0,0,1,15,4960.0,0,3,192.0,169.42857142857142
2025-03-04,Samosa (Plate of 2),Snacks,255,130,112,18,40,0.0,32.6,0.0,0,0,1,15,4480.0,1,3,124.0,166.0
2025-03-05,Samosa (Plate of 2),Snacks,355,200,169,31,40,5.0,33.2,0.0,0,0,0,15,6422.0,2,3,112.0,157.0
2025-03-06,Samosa (Plate of 2),Snacks,299,211,199,12,40,15.0,29.9,3.1,0,0,1,15,6766.0,3,3,169.0,159.0
2025-03-07,Samosa (Plate of 2),Snacks,343,185,172,13,40,10.0,28.6,0.0,0,0,0,15,6192.0,4,3,199.0,164.85714285714286
2025-03-08,Samosa (Plate of 2),Snacks,449,210,195,15,40,5.0,29.6,0.0,1,0,0,15,7410.0,5,3,172.0,167.42857142857142
2025-03-09,Samosa (Plate of 2),Snacks,456,257,223,34,40,15.0,24.8,0.0,1,0,0,15,7582.0,6,3,195.0,166.14285714285714
2025-03-10,Samosa (Plate of 2),Snacks,310,163,153,10,40,5.0,24.6,0.0,0,0,1,15,5814.0,0,3,223.0,170.57142857142858
2025-03-11,Samosa (Plate of 2),Snacks,238,152,135,17,40,10.0,28.7,0.0,0,0,1,15,4860.0,1,3,153.0,174.71428571428572
2025-03-12,Samosa (Plate of 2),Snacks,231,106,98,8,40,0.0,24.2,0.0,0,0,1,15,3920.0,2,3,135.0,178.0
2025-03-13,Samosa (Plate of 2),Snacks,302,156,131,25,40,0.0,25.2,0.0,0,0,0,15,5240.0,3,3,98.0,167.85714285714286
2025-03-14,Samosa (Plate of 2),Snacks,351,187,168,19,40,5.0,27.1,0.0,0,0,0,15,6384.0,4,3,131.0,158.14285714285714
2025-03-15,Samosa (Plate of 2),Snacks,505,219,183,36,40,0.0,27.2,1.5,1,0,0,15,7320.0,5,3,168.0,157.57142857142858
2025-03-16,Samosa (Plate of 2),Snacks,490,224,190,34,40,0.0,26.0,0.0,1,0,0,15,7600.0,6,3,183.0,155.85714285714286
2025-03-17,Samosa (Plate of 2),Snacks,380,186,167,19,40,0.0,22.2,0.0,0,0,0,15,6680.0,0,3,190.0,151.14285714285714
2025-03-18,Samosa (Plate of 2),Snacks,365,195,185,10,40,10.0,35.5,0.0,0,0,0,15,6660.0,1,3,167.0,153.14285714285714
2025-03-19,Samosa (Plate of 2),Snacks,224,139,119,20,40,10.0,34.8,0.0,0,0,1,15,4284.0,2,3,185.0,160.28571428571428
2025-03-20,Samosa (Plate of 2),Snacks,331,146,138,8,40,0.0,29.1,1.8,0,0,0,15,5520.0,3,3,119.0,163.28571428571428
2025-03-21,Samosa (Plate of 2),Snacks,332,196,186,10,40,15.0,25.0,0.0,0,1,1,15,6324.0,4,3,138.0,164.28571428571428
2025-03-22,Samosa (Plate of 2),Snacks,442,189,161,28,40,0.0,26.9,0.0,1,0,0,15,6440.0,5,3,186.0,166.85714285714286
2025-03-23,Samosa (Plate of 2),Snacks,449,197,177,20,40,0.0,21.0,0.0,1,0,0,15,7080.0,6,3,161.0,163.71428571428572
2025-03-24,Samosa (Plate of 2),Snacks,268,130,114,16,40,0.0,24.0,0.0,0,0,1,15,4560.0,0,3,177.0,161.85714285714286
2025-03-25,Samosa (Plate of 2),Snacks,333,166,145,21,40,5.0,34.6,0.0,0,0,0,15,5510.0,1,3,114.0,154.28571428571428
2025-03-26,Samosa (Plate of 2),Snacks,252,147,127,20,40,5.0,31.4,0.0,0,0,1,15,4826.0,2,3,145.0,148.57142857142858
2025-03-27,Samosa (Plate of 2),Snacks,323,186,171,15,40,15.0,39.0,0.6,0,0,0,15,5814.0,3,3,127.0,149.71428571428572
2025-03-28,Samosa (Plate of 2),Snacks,368,208,183,25,40,10.0,32.5,0.0,0,0,0,15,6588.0,4,3,171.0,154.42857142857142
2025-03-29,Samosa (Plate of 2),Snacks,495,208,184,24,40,0.0,38.5,0.0,1,0,0,15,7360.0,5,3,183.0,154.0
2025-03-30,Samosa (Plate of 2),Snacks,461,257,218,39,40,10.0,24.0,0.0,1,0,0,15,7848.0,6,3,184.0,157.28571428571428
2025-03-31,Samosa (Plate of 2),Snacks,311,164,140,24,40,0.0,28.0,0.0,0,0,0,15,5600.0,0,3,218.0,163.14285714285714
2025-04-01,Samosa (Plate of 2),Snacks,258,145,127,18,40,15.0,29.1,0.0,0,0,1,15,4318.0,1,4,140.0,166.85714285714286
2025-04-02,Samosa (Plate of 2),Snacks,260,124,112,12,40,0.0,39.3,0.0,0,0,1,15,4480.0,2,4,127.0,164.28571428571428
2025-04-03,Samosa (Plate of 2),Snacks,336,155,143,12,40,0.0,32.6,0.0,0,0,0,15,5720.0,3,4,112.0,162.14285714285714
2025-04-04,Samosa (Plate of 2),Snacks,342,166,150,16,40,0.0,29.0,0.5,0,0,0,15,6000.0,4,4,143.0,158.14285714285714
2025-04-05,Samosa (Plate of 2),Snacks,418,211,183,28,40,10.0,34.0,1.2,1,0,0,15,6588.0,5,4,150.0,153.42857142857142
2025-04-06,Samosa (Plate of 2),Snacks,418,198,184,14,40,5.0,30.8,0.9,1,0,0,15,6992.0,6,4,183.0,153.28571428571428
2025-04-07,Samosa (Plate of 2),Snacks,250,127,115,12,40,0.0,35.8,0.0,0,0,1,15,4600.0,0,4,184.0,148.42857142857142
2025-04-08,Samosa (Plate of 2),Snacks,372,186,156,30,40,0.0,32.5,1.1,0,0,0,15,6240.0,1,4,115.0,144.85714285714286
2025-04-09,Samosa (Plate of 2),Snacks,280,149,129,20,40,0.0,25.2,0.0,0,0,1,15,5160.0,2,4,156.0,149.0
2025-04-10,Samosa (Plate of 2),Snacks,278,159,136,23,40,5.0,42.9,0.0,0,0,1,15,5168.0,3,4,129.0,151.42857142857142
2025-04-11,Samosa (Plate of 2),Snacks,246,115,107,8,40,0.0,28.0,0.0,0,0,1,15,4280.0,4,4,136.0,150.42857142857142
2025-04-12,Samosa (Plate of 2),Snacks,484,196,184,12,40,0.0,28.7,0.0,1,0,0,15,7360.0,5,4,107.0,144.28571428571428
2025-04-13,Samosa (Plate of 2),Snacks,446,238,203,35,40,15.0,35.5,0.0,1,0,0,15,6902.0,6,4,184.0,144.42857142857142
2025-04-14,Samosa (Plate of 2),Snacks,327,162,153,9,40,0.0,35.4,1.8,0,0,0,15,6120.0,0,4,203.0,147.14285714285714
2025-04-15,Samosa (Plate of 2),Snacks,338,144,130,14,40,0.0,30.4,0.0,0,0,0,15,5200.0,1,4,153.0,152.57142857142858
2025-04-16,Samosa (Plate of 2),Snacks,402,201,176,25,40,0.0,26.6,0.0,0,0,0,15,7040.0,2,4,130.0,148.85714285714286
2025-04-17,Samosa (Plate of 2),Snacks,214,95,90,5,40,0.0,27.8,0.2,0,0,1,15,3600.0,3,4,176.0,155.57142857142858
2025-04-18,Samosa (Plate of 2),Snacks,296,188,158,30,40,10.0,33.4,0.0,0,0,1,15,5688.0,4,4,90.0,149.0
2025-04-19,Samosa (Plate of 2),Snacks,434,199,169,30,40,0.0,30.7,0.0,1,0,0,15,6760.0,5,4,158.0,156.28571428571428
2025-04-20,Samosa (Plate of 2),Snacks,451,303,263,40,40,10.0,33.8,3.5,1,0,0,15,9468.0,6,4,169.0,154.14285714285714
2025-04-21,Samosa (Plate of 2),Snacks,322,144,135,9,40,0.0,25.3,0.0,0,0,0,15,5400.0,0,4,263.0,162.71428571428572
2025-04-22,Samosa (Plate of 2),Snacks,382,168,160,8,40,0.0,23.9,0.0,0,0,0,15,6400.0,1,4,135.0,160.14285714285714
2025-04-23,Samosa (Plate of 2),Snacks,347,186,169,17,40,15.0,27.8,0.7,0,0,0,15,5746.0,2,4,160.0,164.42857142857142
2025-04-24,Samosa (Plate of 2),Snacks,309,154,138,16,40,0.0,22.6,0.0,0,0,1,15,5520.0,3,4,169.0,163.42857142857142
2025-04-25,Samosa (Plate of 2),Snacks,372,181,154,27,40,0.0,31.5,0.0,0,0,0,15,6160.0,4,4,138.0,170.28571428571428
2025-04-26,Samosa (Plate of 2),Snacks,449,204,174,30,40,0.0,34.4,0.9,1,0,0,15,6960.0,5,4,154.0,169.71428571428572
2025-04-27,Samosa (Plate of 2),Snacks,452,208,195,13,40,5.0,32.8,0.2,1,0,0,15,7410.0,6,4,174.0,170.42857142857142
2025-04-28,Samosa (Plate of 2),Snacks,327,176,154,22,40,5.0,35.5,0.0,0,0,0,15,5852.0,0,4,195.0,160.71428571428572
2025-04-29,Samosa (Plate of 2),Snacks,355,171,162,9,40,5.0,26.2,0.0,0,0,0,15,6156.0,1,4,154.0,163.42857142857142
2025-04-30,Samosa (Plate of 2),Snacks,290,150,132,18,40,0.0,30.4,0.5,0,0,1,15,5280.0,2,4,162.0,163.71428571428572
2025-05-01,Samosa (Plate of 2),Snacks,369,178,164,14,40,5.0,24.5,0.0,0,0,0,15,6232.0,3,5,132.0,158.42857142857142
2025-05-02,Samosa (Plate of 2),Snacks,328,228,203,25,40,5.0,30.1,2.7,0,0,0,15,7714.0,4,5,164.0,162.14285714285714
2025-05-03,Samosa (Plate of 2),Snacks,473,223,200,23,40,15.0,37.1,0.3,1,0,0,15,6800.0,5,5,203.0,169.14285714285714
2025-05-04,Samosa (Plate of 2),Snacks,437,207,181,26,40,0.0,30.1,0.0,1,0,0,15,7240.0,6,5,200.0,172.85714285714286
2025-05-05,Samosa (Plate of 2),Snacks,315,147,133,14,40,0.0,35.4,0.0,0,0,0,15,5320.0,0,5,181.0,170.85714285714286
2025-05-06,Samosa (Plate of 2),Snacks,349,165,151,14,40,0.0,16.8,0.0,0,0,0,15,6040.0,1,5,133.0,167.85714285714286
2025-05-07,Samosa (Plate of 2),Snacks,356,163,146,17,40,0.0,19.2,0.0,0,0,0,15,5840.0,2,5,151.0,166.28571428571428
2025-05-08,Samosa (Plate of 2),Snacks,350,169,147,22,40,0.0,26.0,0.0,0,0,0,15,5880.0,3,5,146.0,168.28571428571428
2025-05-09,Samosa (Plate of 2),Snacks,344,156,143,13,40,0.0,33.2,0.0,0,0,0,15,5720.0,4,5,147.0,165.85714285714286
2025-05-10,Samosa (Plate of 2),Snacks,394,175,154,21,40,0.0,31.1,0.0,1,0,0,15,6160.0,5,5,143.0,157.28571428571428
2025-05-11,Samosa (Plate of 2),Snacks,451,261,249,12,40,5.0,30.8,2.4,1,0,0,15,9462.0,6,5,154.0,150.71428571428572
2025-05-12,Samosa (Plate of 2),Snacks,365,223,186,37,40,15.0,30.0,0.0,0,0,0,15,6324.0,0,5,249.0,160.42857142857142
2025-05-13,Samosa (Plate of 2),Snacks,433,217,182,35,40,0.0,26.8,0.0,0,1,0,15,7280.0,1,5,186.0,168.0
2025-05-14,Samosa (Plate of 2),Snacks,363,195,181,14,40,10.0,33.4,0.0,0,0,0,15,6516.0,2,5,182.0,172.42857142857142
2025-05-15,Samosa (Plate of 2),Snacks,354,187,157,30,40,5.0,17.0,0.0,0,0,0,15,5966.0,3,5,181.0,177.42857142857142
2025-05-16,Samosa (Plate of 2),Snacks,324,144,131,13,40,0.0,30.2,0.0,0,0,0,15,5240.0,4,5,157.0,178.85714285714286
2025-05-17,Samosa (Plate of 2),Snacks,485,224,203,21,40,0.0,27.0,0.0,1,0,0,15,8120.0,5,5,131.0,177.14285714285714
2025-05-18,Samosa (Plate of 2),Snacks,477,226,190,36,40,0.0,45.5,0.0,1,0,0,15,7600.0,6,5,203.0,184.14285714285714
2025-05-19,Samosa (Plate of 2),Snacks,340,206,178,28,40,15.0,24.5,0.0,0,0,0,15,6052.0,0,5,190.0,175.71428571428572
2025-05-20,Samosa (Plate of 2),Snacks,296,236,225,11,40,15.0,26.7,2.4,0,0,0,15,7650.0,1,5,178.0,174.57142857142858
2025-05-21,Samosa (Plate of 2),Snacks,334,168,147,21,40,0.0,30.3,0.0,0,0,0,15,5880.0,2,5,225.0,180.71428571428572
2025-05-22,Samosa (Plate of 2),Snacks,341,155,141,14,40,0.0,29.2,0.0,0,0,0,15,5640.0,3,5,147.0,175.85714285714286
2025-05-23,Samosa (Plate of 2),Snacks,333,184,162,22,40,5.0,25.9,0.0,0,0,0,15,6156.0,4,5,141.0,173.57142857142858
2025-05-24,Samosa (Plate of 2),Snacks,475,216,181,35,40,0.0,35.1,0.0,1,0,0,15,7240.0,5,5,162.0,178.0
2025-05-25,Samosa (Plate of 2),Snacks,460,209,197,12,40,5.0,28.1,0.0,1,0,0,15,7486.0,6,5,181.0,174.85714285714286
2025-05-26,Samosa (Plate of 2),Snacks,330,199,176,23,40,15.0,25.1,0.0,0,0,0,15,5984.0,0,5,197.0,175.85714285714286
2025-05-27,Samosa (Plate of 2),Snacks,367,194,175,19,40,5.0,37.1,0.0,0,0,0,15,6650.0,1,5,176.0,175.57142857142858
2025-05-28,Samosa (Plate of 2),Snacks,336,144,135,9,40,0.0,24.9,0.0,0,0,0,15,5400.0,2,5,175.0,168.42857142857142
2025-05-29,Samosa (Plate of 2),Snacks,324,145,129,16,40,0.0,32.7,0.0,0,0,0,15,5160.0,3,5,135.0,166.71428571428572
2025-05-30,Samosa (Plate of 2),Snacks,344,173,150,23,40,0.0,23.2,0.0,0,0,0,15,6000.0,4,5,129.0,165.0
2025-05-31,Samosa (Plate of 2),Snacks,493,200,177,23,40,0.0,30.6,0.1,1,0,0,15,7080.0,5,5,150.0,163.28571428571428
2025-06-01,Samosa (Plate of 2),Snacks,450,220,204,16,40,10.0,20.6,0.0,1,0,0,15,7344.0,6,6,177.0,162.71428571428572
2025-06-02,Samosa (Plate of 2),Snacks,348,175,157,18,40,0.0,28.5,0.0,0,0,0,15,6280.0,0,6,204.0,163.71428571428572
2025-06-03,Samosa (Plate of 2),Snacks,347,191,172,19,40,10.0,26.9,0.0,0,0,0,15,6192.0,1,6,157.0,161.0
2025-06-04,Samosa (Plate of 2),Snacks,365,194,167,27,40,0.0,20.6,0.6,0,0,0,15,6680.0,2,6,172.0,160.57142857142858
2025-06-05,Samosa (Plate of 2),Snacks,360,180,168,12,40,5.0,32.1,0.0,0,0,0,15,6384.0,3,6,167.0,165.14285714285714
2025-06-06,Samosa (Plate of 2),Snacks,373,179,151,28,40,0.0,25.1,0.6,0,0,0,15,6040.0,4,6,168.0,170.71428571428572
2025-06-07,Samosa (Plate of 2),Snacks,429,169,161,8,40,0.0,34.5,0.0,1,0,0,15,6440.0,5,6,151.0,170.85714285714286
2025-06-08,Samosa (Plate of 2),Snacks,410,206,172,34,40,5.0,31.7,1.6,1,0,0,15,6536.0,6,6,161.0,168.57142857142858
2025-06-09,Samosa (Plate of 2),Snacks,380,194,171,23,40,0.0,31.6,0.8,0,0,0,15,6840.0,0,6,172.0,164.0
2025-06-10,Samosa (Plate of 2),Snacks,389,202,170,32,40,5.0,28.2,0.0,0,0,0,15,6460.0,1,6,171.0,166.0
2025-06-11,Samosa (Plate of 2),Snacks,377,200,176,24,40,5.0,37.4,0.0,0,0,0,15,6688.0,2,6,170.0,165.71428571428572
2025-06-12,Samosa (Plate of 2),Snacks,361,184,156,28,40,0.0,32.1,0.0,0,0,0,15,6240.0,3,6,176.0,167.0
2025-06-13,Samosa (Plate of 2),Snacks,360,172,157,15,40,0.0,26.2,0.0,0,0,0,15,6280.0,4,6,156.0,165.28571428571428
2025-06-14,Samosa (Plate of 2),Snacks,431,179,163,16,40,0.0,29.0,0.4,1,0,0,15,6520.0,5,6,157.0,166.14285714285714
2025-06-15,Samosa (Plate of 2),Snacks,440,221,203,18,40,5.0,27.1,0.4,1,0,0,15,7714.0,6,6,163.0,166.42857142857142
2025-06-16,Samosa (Plate of 2),Snacks,329,183,170,13,40,15.0,29.6,0.0,0,0,0,15,5780.0,0,6,203.0,170.85714285714286
2025-06-17,Samosa (Plate of 2),Snacks,266,146,135,11,40,5.0,34.2,0.0,0,0,0,15,5130.0,1,6,170.0,170.71428571428572
2025-06-18,Samosa (Plate of 2),Snacks,320,162,138,24,40,0.0,37.4,1.3,0,0,0,15,5520.0,2,6,135.0,165.71428571428572
2025-06-19,Samosa (Plate of 2),Snacks,332,147,135,12,40,0.0,25.8,1.7,0,0,0,15,5400.0,3,6,138.0,160.28571428571428
2025-06-20,Samosa (Plate of 2),Snacks,345,169,148,21,40,0.0,31.5,0.0,0,0,0,15,5920.0,4,6,135.0,157.28571428571428
2025-06-21,Samosa (Plate of 2),Snacks,433,181,169,12,40,0.0,19.3,0.0,1,0,0,15,6760.0,5,6,148.0,156.0
2025-06-22,Samosa (Plate of 2),Snacks,481,221,186,35,40,0.0,27.7,0.0,1,0,0,15,7440.0,6,6,169.0,156.85714285714286
2025-06-23,Samosa (Plate of 2),Snacks,320,162,148,14,40,0.0,31.3,0.0,0,0,0,15,5920.0,0,6,186.0,154.42857142857142
2025-06-24,Samosa (Plate of 2),Snacks,340,189,160,29,40,5.0,21.8,0.0,0,0,0,15,6080.0,1,6,148.0,151.28571428571428
2025-06-25,Samosa (Plate of 2),Snacks,365,187,166,21,40,5.0,37.6,0.0,0,0,0,15,6308.0,2,6,160.0,154.85714285714286
2025-06-26,Samosa (Plate of 2),Snacks,348,168,148,20,40,0.0,20.4,0.0,0,0,0,15,5920.0,3,6,166.0,158.85714285714286
2025-06-27,Samosa (Plate of 2),Snacks,357,222,210,12,40,0.0,30.5,5.9,0,0,0,15,8400.0,4,6,148.0,160.71428571428572
2025-06-28,Samosa (Plate of 2),Snacks,444,196,181,15,40,0.0,22.4,0.0,1,0,0,15,7240.0,5,6,210.0,169.57142857142858
2025-06-29,Samosa (Plate of 2),Snacks,439,192,182,10,40,5.0,29.7,0.0,1,0,0,15,6916.0,6,6,181.0,171.28571428571428
2025-06-30,Samosa (Plate of 2),Snacks,327,158,149,9,40,0.0,31.3,0.0,0,0,0,15,5960.0,0,6,182.0,170.71428571428572
2025-07-01,Samosa (Plate of 2),Snacks,320,165,142,23,40,0.0,36.4,0.3,0,0,0,15,5680.0,1,7,149.0,170.85714285714286
2025-07-02,Samosa (Plate of 2),Snacks,395,162,154,8,40,0.0,26.3,0.0,0,0,0,15,6160.0,2,7,142.0,168.28571428571428
2025-07-03,Samosa (Plate of 2),Snacks,317,250,233,17,40,15.0,33.8,5.7,0,0,0,15,7922.0,3,7,154.0,166.57142857142858
2025-07-04,Samosa (Plate of 2),Snacks,324,159,135,24,40,0.0,26.4,0.0,0,0,0,15,5400.0,4,7,233.0,178.71428571428572
2025-07-05,Samosa (Plate of 2),Snacks,402,186,157,29,40,0.0,27.5,0.0,1,0,0,15,6280.0,5,7,135.0,168.0
2025-07-06,Samosa (Plate of 2),Snacks,451,207,186,21,40,5.0,26.8,0.0,1,0,0,15,7068.0,6,7,157.0,164.57142857142858
2025-07-07,Samosa (Plate of 2),Snacks,319,152,140,12,40,5.0,26.7,0.0,0,0,0,15,5320.0,0,7,186.0,165.14285714285714
2025-07-08,Samosa (Plate of 2),Snacks,365,233,198,35,40,15.0,28.4,0.8,0,0,0,15,6732.0,1,7,140.0,163.85714285714286
2025-07-09,Samosa (Plate of 2),Snacks,317,153,130,23,40,0.0,39.1,0.0,0,0,0,15,5200.0,2,7,198.0,171.85714285714286
2025-07-10,Samosa (Plate of 2),Snacks,361,197,168,29,40,5.0,34.5,0.0,0,0,0,15,6384.0,3,7,130.0,168.42857142857142
2025-07-11,Samosa (Plate of 2),Snacks,392,185,175,10,40,0.0,25.1,0.0,0,1,0,15,7000.0,4,7,168.0,159.14285714285714
2025-07-12,Samosa (Plate of 2),Snacks,476,202,176,26,40,0.0,21.7,0.0,1,0,0,15,7040.0,5,7,175.0,164.85714285714286
2025-07-13,Samosa (Plate of 2),Snacks,479,220,195,25,40,0.0,26.4,0.0,1,0,0,15,7800.0,6,7,176.0,167.57142857142858
2025-07-14,Samosa (Plate of 2),Snacks,363,181,165,16,40,0.0,30.4,0.0,0,0,0,15,6600.0,0,7,195.0,168.85714285714286
2025-07-15,Samosa (Plate of 2),Snacks,380,170,162,8,40,0.0,31.7,0.0,0,0,0,15,6480.0,1,7,165.0,172.42857142857142
2025-07-16,Samosa (Plate of 2),Snacks,324,183,159,24,40,10.0,40.4,0.0,0,0,0,15,5724.0,2,7,162.0,167.28571428571428
2025-07-17,Samosa (Plate of 2),Snacks,370,165,156,9,40,0.0,27.1,0.0,0,0,0,15,6240.0,3,7,159.0,171.42857142857142
2025-07-18,Samosa (Plate of 2),Snacks,380,199,166,33,40,0.0,24.9,0.0,0,0,0,15,6640.0,4,7,156.0,169.71428571428572
2025-07-19,Samosa (Plate of 2),Snacks,426,188,165,23,40,0.0,25.1,0.0,1,0,0,15,6600.0,5,7,166.0,168.42857142857142
2025-07-20,Samosa (Plate of 2),Snacks,424,176,161,15,40,0.0,21.6,0.7,1,0,0,15,6440.0,6,7,165.0,166.85714285714286
2025-07-21,Samosa (Plate of 2),Snacks,331,176,153,23,40,15.0,34.0,0.9,0,0,0,15,5202.0,0,7,161.0,162.0
2025-07-22,Samosa (Plate of 2),Snacks,339,172,147,25,40,0.0,26.6,0.0,0,0,0,15,5880.0,1,7,153.0,160.28571428571428
2025-07-23,Samosa (Plate of 2),Snacks,311,164,155,9,40,5.0,36.9,0.0,0,0,0,15,5890.0,2,7,147.0,158.14285714285714
2025-07-24,Samosa (Plate of 2),Snacks,339,180,171,9,40,10.0,28.1,0.7,0,0,0,15,6156.0,3,7,155.0,157.57142857142858
2025-07-25,Samosa (Plate of 2),Snacks,402,207,174,33,40,5.0,30.3,0.3,0,0,0,15,6612.0,4,7,171.0,159.71428571428572
2025-07-26,Samosa (Plate of 2),Snacks,397,178,158,20,40,0.0,34.9,0.0,1,0,0,15,6320.0,5,7,174.0,160.85714285714286
2025-07-27,Samosa (Plate of 2),Snacks,445,204,180,24,40,0.0,35.2,0.0,1,0,0,15,7200.0,6,7,158.0,159.85714285714286
2025-07-28,Samosa (Plate of 2),Snacks,357,196,171,25,40,10.0,31.7,1.8,0,0,0,15,6156.0,0,7,180.0,162.57142857142858
2025-07-29,Samosa (Plate of 2),Snacks,378,209,185,24,40,5.0,24.1,0.0,0,0,0,15,7030.0,1,7,171.0,165.14285714285714
2025-07-30,Samosa (Plate of 2),Snacks,386,213,201,12,40,15.0,33.4,0.0,0,0,0,15,6834.0,2,7,185.0,170.57142857142858
2025-07-31,Samosa (Plate of 2),Snacks,364,171,157,14,40,0.0,23.5,0.0,0,0,0,15,6280.0,3,7,201.0,177.14285714285714
2025-08-01,Samosa (Plate of 2),Snacks,323,186,157,29,40,5.0,25.9,0.0,0,0,0,15,5966.0,4,8,157.0,175.14285714285714
2025-08-02,Samosa (Plate of 2),Snacks,557,330,287,43,40,0.0,33.0,3.3,1,1,0,15,11480.0,5,8,157.0,172.71428571428572
2025-08-03,Samosa (Plate of 2),Snacks,469,198,181,17,40,0.0,34.0,0.0,1,0,0,15,7240.0,6,8,287.0,191.14285714285714
2025-08-04,Samosa (Plate of 2),Snacks,329,139,131,8,40,0.0,22.7,0.0,0,0,0,15,5240.0,0,8,181.0,191.28571428571428
2025-08-05,Samosa (Plate of 2),Snacks,335,188,164,24,40,10.0,35.0,0.0,0,0,0,15,5904.0,1,8,131.0,185.57142857142858
2025-08-06,Samosa (Plate of 2),Snacks,346,174,162,12,40,0.0,31.7,0.0,0,0,0,15,6480.0,2,8,164.0,182.57142857142858
2025-08-07,Samosa (Plate of 2),Snacks,355,190,161,29,40,5.0,23.3,0.0,0,0,0,15,6118.0,3,8,162.0,177.0
2025-08-08,Samosa (Plate of 2),Snacks,426,207,184,23,40,0.0,25.4,0.0,0,1,0,15,7360.0,4,8,161.0,177.57142857142858
2025-08-09,Samosa (Plate of 2),Snacks,476,202,184,18,40,0.0,30.1,0.0,1,0,0,15,7360.0,5,8,184.0,181.42857142857142
2025-08-10,Samosa (Plate of 2),Snacks,469,190,178,12,40,0.0,38.3,0.0,1,0,0,15,7120.0,6,8,184.0,166.71428571428572
2025-08-11,Samosa (Plate of 2),Snacks,312,159,133,26,40,0.0,23.8,0.0,0,0,0,15,5320.0,0,8,178.0,166.28571428571428
2025-08-12,Samosa (Plate of 2),Snacks,357,165,146,19,40,0.0,31.5,1.2,0,0,0,15,5840.0,1,8,133.0,166.57142857142858
2025-08-13,Samosa (Plate of 2),Snacks,319,157,148,9,40,5.0,20.8,0.0,0,0,0,15,5624.0,2,8,146.0,164.0
2025-08-14,Samosa (Plate of 2),Snacks,356,223,199,24,40,0.0,36.5,2.9,0,0,0,15,7960.0,3,8,148.0,162.0
2025-08-15,Samosa (Plate of 2),Snacks,382,191,160,31,40,0.0,34.0,1.2,0,0,0,15,6400.0,4,8,199.0,167.42857142857142
2025-08-16,Samosa (Plate of 2),Snacks,479,231,209,22,40,10.0,31.3,0.0,1,0,0,15,7524.0,5,8,160.0,164.0
2025-08-17,Samosa (Plate of 2),Snacks,432,200,176,24,40,5.0,26.9,0.0,1,0,0,15,6688.0,6,8,209.0,167.57142857142858
2025-08-18,Samosa (Plate of 2),Snacks,336,177,157,20,40,0.0,29.2,0.0,0,0,0,15,6280.0,0,8,176.0,167.28571428571428
2025-08-19,Samosa (Plate of 2),Snacks,313,137,116,21,40,0.0,24.5,0.0,0,0,0,15,4640.0,1,8,157.0,170.71428571428572
2025-08-20,Samosa (Plate of 2),Snacks,336,162,147,15,40,5.0,29.2,0.0,0,0,0,15,5586.0,2,8,116.0,166.42857142857142
2025-08-21,Samosa (Plate of 2),Snacks,331,159,149,10,40,5.0,32.9,0.0,0,0,0,15,5662.0,3,8,147.0,166.28571428571428
2025-08-22,Samosa (Plate of 2),Snacks,374,176,161,15,40,0.0,21.9,0.1,0,0,0,15,6440.0,4,8,149.0,159.14285714285714
2025-08-23,Samosa (Plate of 2),Snacks,487,226,192,34,40,0.0,21.8,0.0,1,0,0,15,7680.0,5,8,161.0,159.28571428571428
2025-08-24,Samosa (Plate of 2),Snacks,451,207,175,32,40,5.0,20.6,0.0,1,0,0,15,6650.0,6,8,192.0,156.85714285714286
2025-08-25,Samosa (Plate of 2),Snacks,359,173,157,16,40,0.0,23.6,0.0,0,0,0,15,6280.0,0,8,175.0,156.71428571428572
2025-08-26,Samosa (Plate of 2),Snacks,298,144,130,14,40,0.0,21.5,0.0,0,0,0,15,5200.0,1,8,157.0,156.71428571428572
2025-08-27,Samosa (Plate of 2),Snacks,334,171,156,15,40,0.0,26.4,0.0,0,0,0,15,6240.0,2,8,130.0,158.71428571428572
2025-08-28,Samosa (Plate of 2),Snacks,355,205,194,11,40,15.0,39.2,0.7,0,0,0,15,6596.0,3,8,156.0,160.0
2025-08-29,Samosa (Plate of 2),Snacks,369,210,185,25,40,15.0,31.0,0.0,0,0,0,15,6290.0,4,8,194.0,166.42857142857142
2025-08-30,Samosa (Plate of 2),Snacks,458,195,171,24,40,0.0,31.0,0.0,1,0,0,15,6840.0,5,8,185.0,169.85714285714286
2025-08-31,Samosa (Plate of 2),Snacks,419,253,216,37,40,0.0,28.2,6.3,1,1,0,15,8640.0,6,8,171.0,166.85714285714286
2025-09-01,Samosa (Plate of 2),Snacks,322,159,133,26,40,0.0,33.8,0.0,0,0,0,15,5320.0,0,9,216.0,172.71428571428572
2025-09-02,Samosa (Plate of 2),Snacks,337,142,135,7,40,0.0,36.1,0.0,0,0,0,15,5400.0,1,9,133.0,169.28571428571428
2025-09-03,Samosa (Plate of 2),Snacks,357,180,152,28,40,0.0,21.6,0.0,0,0,0,15,6080.0,2,9,135.0,170.0
2025-09-04,Samosa (Plate of 2),Snacks,359,164,155,9,40,0.0,36.7,0.0,0,0,0,15,6200.0,3,9,152.0,169.42857142857142
2025-09-05,Samosa (Plate of 2),Snacks,343,199,178,21,40,15.0,36.3,0.0,0,0,0,15,6052.0,4,9,155.0,163.85714285714286
2025-09-06,Samosa (Plate of 2),Snacks,474,220,195,25,40,5.0,29.5,0.0,1,0,0,15,7410.0,5,9,178.0,162.85714285714286
2025-09-07,Samosa (Plate of 2),Snacks,477,194,171,23,40,0.0,34.7,0.0,1,0,0,15,6840.0,6,9,195.0,166.28571428571428
2025-09-08,Samosa (Plate of 2),Snacks,320,145,134,11,40,0.0,29.0,0.0,0,0,0,15,5360.0,0,9,171.0,159.85714285714286
2025-09-09,Samosa (Plate of 2),Snacks,358,163,148,15,40,0.0,30.1,0.0,0,0,0,15,5920.0,1,9,134.0,160.0
2025-09-10,Samosa (Plate of 2),Snacks,387,197,174,23,40,0.0,29.6,0.0,0,0,0,15,6960.0,2,9,148.0,161.85714285714286
2025-09-11,Samosa (Plate of 2),Snacks,347,171,162,9,40,5.0,31.0,0.0,0,0,0,15,6156.0,3,9,174.0,165.0
2025-09-12,Samosa (Plate of 2),Snacks,369,182,172,10,40,5.0,22.1,0.0,0,1,0,15,6536.0,4,9,162.0,166.0
2025-09-13,Samosa (Plate of 2),Snacks,462,211,195,16,40,0.0,27.0,0.0,1,0,0,15,7800.0,5,9,172.0,165.14285714285714
2025-09-14,Samosa (Plate of 2),Snacks,432,175,167,8,40,0.0,38.2,0.7,1,0,0,15,6680.0,6,9,195.0,165.14285714285714
2025-09-15,Samosa (Plate of 2),Snacks,376,197,174,23,40,5.0,28.3,0.0,0,0,0,15,6612.0,0,9,167.0,164.57142857142858
2025-09-16,Samosa (Plate of 2),Snacks,342,158,149,9,40,0.0,19.7,0.0,0,0,0,15,5960.0,1,9,174.0,170.28571428571428
2025-09-17,Samosa (Plate of 2),Snacks,339,161,140,21,40,0.0,33.6,0.0,0,0,0,15,5600.0,2,9,149.0,170.42857142857142
2025-09-18,Samosa (Plate of 2),Snacks,401,222,192,30,40,10.0,18.1,1.6,0,0,0,15,6912.0,3,9,140.0,165.57142857142858
2025-09-19,Samosa (Plate of 2),Snacks,327,192,161,31,40,5.0,31.7,0.0,0,0,0,15,6118.0,4,9,192.0,169.85714285714286
2025-09-20,Samosa (Plate of 2),Snacks,448,178,155,23,40,0.0,27.3,0.0,1,0,0,15,6200.0,5,9,161.0,168.28571428571428
2025-09-21,Samosa (Plate of 2),Snacks,427,197,168,29,40,0.0,28.3,0.0,1,0,0,15,6720.0,6,9,155.0,162.57142857142858
2025-09-22,Samosa (Plate of 2),Snacks,310,149,142,7,40,0.0,31.6,0.2,0,0,0,15,5680.0,0,9,168.0,162.71428571428572
2025-09-23,Samosa (Plate of 2),Snacks,386,195,181,14,40,5.0,31.5,0.0,0,1,0,15,6878.0,1,9,142.0,158.14285714285714
2025-09-24,Samosa (Plate of 2),Snacks,382,169,156,13,40,0.0,31.6,0.0,0,0,0,15,6240.0,2,9,181.0,162.71428571428572
2025-09-25,Samosa (Plate of 2),Snacks,338,183,153,30,40,0.0,32.8,0.0,0,0,0,15,6120.0,3,9,156.0,165.0
2025-09-26,Samosa (Plate of 2),Snacks,316,156,134,22,40,0.0,25.2,0.0,0,0,0,15,5360.0,4,9,153.0,159.42857142857142
2025-09-27,Samosa (Plate of 2),Snacks,437,196,170,26,40,0.0,25.4,1.5,1,0,0,15,6800.0,5,9,134.0,155.57142857142858
2025-09-28,Samosa (Plate of 2),Snacks,469,212,200,12,40,10.0,24.5,0.0,1,0,0,15,7200.0,6,9,170.0,157.71428571428572
2025-09-29,Samosa (Plate of 2),Snacks,384,179,151,28,40,0.0,34.3,0.0,0,0,0,15,6040.0,0,9,200.0,162.28571428571428
2025-09-30,Samosa (Plate of 2),Snacks,328,165,138,27,40,0.0,26.6,0.0,0,0,0,15,5520.0,1,9,151.0,163.57142857142858
2025-10-01,Samosa (Plate of 2),Snacks,335,167,158,9,40,5.0,26.7,0.0,0,0,0,15,6004.0,2,10,138.0,157.42857142857142
2025-10-02,Samosa (Plate of 2),Snacks,350,192,166,26,40,10.0,30.7,0.0,0,0,0,15,5976.0,3,10,158.0,157.71428571428572
2025-10-03,Samosa (Plate of 2),Snacks,386,211,186,25,40,10.0,26.7,0.0,0,0,0,15,6696.0,4,10,166.0,159.57142857142858
2025-10-04,Samosa (Plate of 2),Snacks,417,198,174,24,40,0.0,33.2,0.0,1,0,0,15,6960.0,5,10,186.0,167.0
2025-10-05,Samosa (Plate of 2),Snacks,457,193,174,19,40,0.0,28.0,0.9,1,0,0,15,6960.0,6,10,174.0,167.57142857142858
2025-10-06,Samosa (Plate of 2),Snacks,391,206,190,16,40,10.0,26.8,0.0,0,0,0,15,6840.0,0,10,174.0,163.85714285714286
2025-10-07,Samosa (Plate of 2),Snacks,372,190,163,27,40,0.0,27.1,0.0,0,0,0,15,6520.0,1,10,190.0,169.42857142857142
2025-10-08,Samosa (Plate of 2),Snacks,338,188,161,27,40,10.0,30.6,0.0,0,0,0,15,5796.0,2,10,163.0,173.0
2025-10-09,Samosa (Plate of 2),Snacks,353,154,137,17,40,5.0,33.0,0.0,0,0,0,15,5206.0,3,10,161.0,173.42857142857142
2025-10-10,Samosa (Plate of 2),Snacks,348,172,161,11,40,0.0,24.1,0.0,0,0,0,15,6440.0,4,10,137.0,169.28571428571428
2025-10-11,Samosa (Plate of 2),Snacks,445,207,181,26,40,0.0,28.6,0.0,1,0,0,15,7240.0,5,10,161.0,165.71428571428572
2025-10-12,Samosa (Plate of 2),Snacks,459,277,247,30,40,0.0,33.4,3.0,1,0,0,15,9880.0,6,10,181.0,166.71428571428572
2025-10-13,Samosa (Plate of 2),Snacks,356,156,148,8,40,0.0,28.4,0.0,0,0,0,15,5920.0,0,10,247.0,177.14285714285714
2025-10-14,Samosa (Plate of 2),Snacks,395,183,158,25,40,0.0,40.7,0.0,0,0,0,15,6320.0,1,10,148.0,171.14285714285714
2025-10-15,Samosa (Plate of 2),Snacks,357,174,151,23,40,0.0,31.5,0.0,0,0,0,15,6040.0,2,10,158.0,170.42857142857142
2025-10-16,Samosa (Plate of 2),Snacks,353,178,156,22,40,0.0,28.1,0.0,0,0,0,15,6240.0,3,10,151.0,169.0
2025-10-17,Samosa (Plate of 2),Snacks,329,181,169,12,40,10.0,29.3,0.0,0,0,0,15,6084.0,4,10,156.0,171.71428571428572
2025-10-18,Samosa (Plate of 2),Snacks,416,159,149,10,40,0.0,26.6,0.0,1,0,0,15,5960.0,5,10,169.0,172.85714285714286
2025-10-19,Samosa (Plate of 2),Snacks,432,272,245,27,40,5.0,32.2,2.4,1,0,0,15,9310.0,6,10,149.0,168.28571428571428
2025-10-20,Samosa (Plate of 2),Snacks,356,179,155,24,40,0.0,26.5,0.0,0,0,0,15,6200.0,0,10,245.0,168.0
2025-10-21,Samosa (Plate of 2),Snacks,356,216,183,33,40,10.0,27.8,0.0,0,0,0,15,6588.0,1,10,155.0,169.0
2025-10-22,Samosa (Plate of 2),Snacks,327,171,158,13,40,5.0,30.5,0.0,0,0,0,15,6004.0,2,10,183.0,172.57142857142858
2025-10-23,Samosa (Plate of 2),Snacks,350,192,178,14,40,10.0,32.4,0.0,0,0,0,15,6408.0,3,10,158.0,173.57142857142858
2025-10-24,Samosa (Plate of 2),Snacks,359,169,155,14,40,0.0,37.6,0.0,0,0,0,15,6200.0,4,10,178.0,176.71428571428572
2025-10-25,Samosa (Plate of 2),Snacks,488,220,194,26,40,5.0,27.9,0.0,1,0,0,15,7372.0,5,10,155.0,174.71428571428572
2025-10-26,Samosa (Plate of 2),Snacks,441,183,168,15,40,0.0,30.4,0.0,1,0,0,15,6720.0,6,10,194.0,181.14285714285714
2025-10-27,Samosa (Plate of 2),Snacks,376,181,162,19,40,0.0,23.2,0.0,0,0,0,15,6480.0,0,10,168.0,170.14285714285714
2025-01-01,Veg Biryani,Main Course,357,109,93,16,150,15.0,24.4,0.1,0,0,0,55,11857.5,2,1,93.0,172.66666666666666
2025-01-02,Veg Biryani,Main Course,334,60,57,3,150,0.0,31.6,0.0,0,0,0,55,8550.0,3,1,93.0,157.66666666666666
2025-01-03,Veg Biryani,Main Course,319,83,70,13,150,5.0,34.1,0.0,0,0,0,55,9975.0,4,1,57.0,140.83333333333334
2025-01-04,Veg Biryani,Main Course,421,123,118,5,150,15.0,26.4,0.0,1,0,0,55,15045.0,5,1,70.0,122.83333333333333
2025-01-05,Veg Biryani,Main Course,420,135,116,19,150,5.0,24.5,0.0,1,0,0,55,16530.0,6,1,118.0,116.66666666666667
2025-01-06,Veg Biryani,Main Course,336,71,60,11,150,0.0,28.5,0.0,0,0,0,55,9000.0,0,1,116.0,103.66666666666667
2025-01-07,Veg Biryani,Main Course,341,77,70,7,150,0.0,26.5,0.8,0,0,0,55,10500.0,1,1,60.0,85.66666666666667
2025-01-08,Veg Biryani,Main Course,333,79,66,13,150,0.0,21.6,1.4,0,0,0,55,9900.0,2,1,70.0,83.42857142857143
2025-01-09,Veg Biryani,Main Course,335,74,69,5,150,5.0,25.0,1.3,0,0,0,55,9832.5,3,1,66.0,79.57142857142857
2025-01-10,Veg Biryani,Main Course,309,70,64,6,150,15.0,32.8,0.0,0,0,0,55,8160.0,4,1,69.0,81.28571428571429
2025-01-11,Veg Biryani,Main Course,419,106,92,14,150,0.0,30.9,0.0,1,0,0,55,13800.0,5,1,64.0,80.42857142857143
2025-01-12,Veg Biryani,Main Course,443,114,106,8,150,0.0,28.8,0.0,1,0,0,55,15900.0,6,1,92.0,76.71428571428571
2025-01-13,Veg Biryani,Main Course,341,72,68,4,150,0.0,35.2,0.0,0,0,0,55,10200.0,0,1,106.0,75.28571428571429
2025-01-14,Veg Biryani,Main Course,362,86,79,7,150,5.0,27.0,0.0,0,0,0,55,11257.5,1,1,68.0,76.42857142857143
2025-01-15,Veg Biryani,Main Course,391,76,68,8,150,0.0,25.5,0.0,0,1,0,55,10200.0,2,1,79.0,77.71428571428571
2025-01-16,Veg Biryani,Main Course,412,97,84,13,150,0.0,21.7,0.0,0,1,0,55,12600.0,3,1,68.0,78.0
2025-01-17,Veg Biryani,Main Course,396,85,75,10,150,5.0,28.8,1.0,0,0,0,55,10687.5,4,1,84.0,80.14285714285714
2025-01-18,Veg Biryani,Main Course,402,113,95,18,150,0.0,27.0,0.0,1,0,0,55,14250.0,5,1,75.0,81.71428571428571
2025-01-19,Veg Biryani,Main Course,521,138,129,9,150,0.0,27.1,1.8,1,1,0,55,19350.0,6,1,95.0,82.14285714285714
2025-01-20,Veg Biryani,Main Course,382,88,74,14,150,0.0,27.8,0.0,0,0,0,55,11100.0,0,1,129.0,85.42857142857143
2025-01-21,Veg Biryani,Main Course,349,88,76,12,150,0.0,26.5,0.0,0,0,0,55,11400.0,1,1,74.0,86.28571428571429
2025-01-22,Veg Biryani,Main Course,332,70,63,7,150,0.0,27.6,0.0,0,0,0,55,9450.0,2,1,76.0,85.85714285714286
2025-01-23,Veg Biryani,Main Course,361,90,80,10,150,0.0,28.3,0.0,0,0,0,55,12000.0,3,1,63.0,85.14285714285714
2025-01-24,Veg Biryani,Main Course,375,103,94,9,150,15.0,34.9,0.9,0,0,0,55,11985.0,4,1,80.0,84.57142857142857
2025-01-25,Veg Biryani,Main Course,488,170,145,25,150,10.0,35.9,0.0,1,1,0,55,19575.0,5,1,94.0,87.28571428571429
2025-01-26,Veg Biryani,Main Course,442,135,119,16,150,5.0,30.2,0.0,1,0,0,55,16957.5,6,1,145.0,94.42857142857143
2025-01-27,Veg Biryani,Main Course,374,85,81,4,150,0.0,28.8,0.0,0,0,0,55,12150.0,0,1,119.0,93.0
2025-01-28,Veg Biryani,Main Course,307,76,70,6,150,0.0,36.7,0.0,0,0,0,55,10500.0,1,1,81.0,94.0
2025-01-29,Veg Biryani,Main Course,338,66,59,7,150,0.0,27.8,0.3,0,0,0,55,8850.0,2,1,70.0,93.14285714285714
2025-01-30,Veg Biryani,Main Course,409,103,92,11,150,5.0,33.8,0.0,0,0,0,55,13110.0,3,1,59.0,92.57142857142857
2025-01-31,Veg Biryani,Main Course,322,78,69,9,150,0.0,26.8,3.3,0,0,0,55,10350.0,4,1,92.0,94.28571428571429
2025-02-01,Veg Biryani,Main Course,438,116,105,11,150,0.0,34.7,0.2,1,0,0,55,15750.0,5,2,69.0,90.71428571428571
2025-02-02,Veg Biryani,Main Course,463,102,96,6,150,0.0,21.7,0.0,1,0,0,55,14400.0,6,2,105.0,85.0
2025-02-03,Veg Biryani,Main Course,334,51,47,4,150,0.0,28.1,0.0,0,0,0,55,7050.0,0,2,96.0,81.71428571428571
2025-02-04,Veg Biryani,Main Course,356,82,73,9,150,5.0,35.8,2.4,0,0,0,55,10402.5,1,2,47.0,76.85714285714286
2025-02-05,Veg Biryani,Main Course,370,82,75,7,150,0.0,25.8,0.0,0,0,0,55,11250.0,2,2,73.0,77.28571428571429
2025-02-06,Veg Biryani,Main Course,360,78,68,10,150,0.0,37.5,0.0,0,0,0,55,10200.0,3,2,75.0,79.57142857142857
2025-02-07,Veg Biryani,Main Course,356,101,85,16,150,0.0,34.2,0.0,0,0,0,55,12750.0,4,2,68.0,76.14285714285714
2025-02-08,Veg Biryani,Main Course,463,117,106,11,150,0.0,42.7,0.0,1,0,0,55,15900.0,5,2,85.0,78.42857142857143
2025-02-09,Veg Biryani,Main Course,444,117,98,19,150,0.0,29.3,0.0,1,0,0,55,14700.0,6,2,106.0,78.57142857142857
2025-02-10,Veg Biryani,Main Course,353,80,71,9,150,0.0,29.4,0.1,0,0,0,55,10650.0,0,2,98.0,78.85714285714286
2025-02-11,Veg Biryani,Main Course,373,80,75,5,150,0.0,26.1,0.3,0,0,0,55,11250.0,1,2,71.0,82.28571428571429
2025-02-12,Veg Biryani,Main Course,326,98,89,9,150,10.0,26.7,0.0,0,0,0,55,12015.0,2,2,75.0,82.57142857142857
2025-02-13,Veg Biryani,Main Course,374,88,77,11,150,0.0,27.3,3.0,0,0,0,55,11550.0,3,2,89.0,84.57142857142857
2025-02-14,Veg Biryani,Main Course,325,72,68,4,150,0.0,31.0,0.0,0,0,0,55,10200.0,4,2,77.0,85.85714285714286
2025-02-15,Veg Biryani,Main Course,504,143,131,12,150,0.0,23.6,2.0,1,1,0,55,19650.0,5,2,68.0,83.42857142857143
2025-02-16,Veg Biryani,Main Course,433,127,113,14,150,5.0,30.0,0.0,1,0,0,55,16102.5,6,2,131.0,87.0
2025-02-17,Veg Biryani,Main Course,317,83,72,11,150,5.0,35.7,4.5,0,0,0,55,10260.0,0,2,113.0,89.14285714285714
2025-02-18,Veg Biryani,Main Course,426,113,103,10,150,10.0,24.6,0.0,0,1,0,55,13905.0,1,2,72.0,89.28571428571429
2025-02-19,Veg Biryani,Main Course,333,85,72,13,150,5.0,25.5,0.0,0,0,0,55,10260.0,2,2,103.0,93.28571428571429
2025-02-20,Veg Biryani,Main Course,386,80,74,6,150,0.0,27.8,0.0,0,0,0,55,11100.0,3,2,72.0,90.85714285714286
2025-02-21,Veg Biryani,Main Course,379,81,70,11,150,0.0,28.9,0.0,0,0,0,55,10500.0,4,2,74.0,90.42857142857143
2025-02-22,Veg Biryani,Main Course,412,139,118,21,150,15.0,31.0,0.0,1,0,0,55,15045.0,5,2,70.0,90.71428571428571
2025-02-23,Veg Biryani,Main Course,362,100,92,8,150,0.0,39.0,0.0,1,0,0,55,13800.0,6,2,118.0,88.85714285714286
2025-02-24,Veg Biryani,Main Course,353,70,67,3,150,0.0,29.2,0.0,0,0,0,55,10050.0,0,2,92.0,85.85714285714286
2025-02-25,Veg Biryani,Main Course,380,97,89,8,150,15.0,31.1,0.0,0,0,0,55,11347.5,1,2,67.0,85.14285714285714
2025-02-26,Veg Biryani,Main Course,359,77,71,6,150,0.0,27.2,0.0,0,0,0,55,10650.0,2,2,89.0,83.14285714285714
2025-02-27,Veg Biryani,Main Course,344,73,61,12,150,5.0,27.2,0.0,0,0,0,55,8692.5,3,2,71.0,83.0
2025-02-28,Veg Biryani,Main Course,361,97,82,15,150,0.0,31.7,0.0,0,0,0,55,12300.0,4,2,61.0,81.14285714285714
2025-03-01,Veg Biryani,Main Course,434,114,100,14,150,0.0,22.8,0.0,1,0,0,55,15000.0,5,3,82.0,82.85714285714286
2025-03-02,Veg Biryani,Main Course,471,101,96,5,150,0.0,37.5,0.0,1,0,0,55,14400.0,6,3,100.0,80.28571428571429
2025-03-03,Veg Biryani,Main Course,287,68,58,10,150,0.0,34.6,0.0,0,0,1,55,8700.0,0,3,96.0,80.85714285714286
2025-03-04,Veg Biryani,Main Course,255,77,65,12,150,15.0,32.6,0.0,0,0,1,55,8287.5,1,3,58.0,79.57142857142857
2025-03-05,Veg Biryani,Main Course,355,64,57,7,150,0.0,33.2,0.0,0,0,0,55,8550.0,2,3,65.0,76.14285714285714
2025-03-06,Veg Biryani,Main Course,299,67,61,6,150,0.0,29.9,3.1,0,0,1,55,9150.0,3,3,57.0,74.14285714285714
2025-03-07,Veg Biryani,Main Course,343,73,70,3,150,5.0,28.6,0.0,0,0,0,55,9975.0,4,3,61.0,74.14285714285714
2025-03-08,Veg Biryani,Main Course,449,113,107,6,150,0.0,29.6,0.0,1,0,0,55,16050.0,5,3,70.0,72.42857142857143
2025-03-09,Veg Biryani,Main Course,456,138,116,22,150,0.0,24.8,0.0,1,0,0,55,17400.0,6,3,107.0,73.42857142857143
2025-03-10,Veg Biryani,Main Course,310,68,59,9,150,0.0,24.6,0.0,0,0,1,55,8850.0,0,3,116.0,76.28571428571429
2025-03-11,Veg Biryani,Main Course,238,45,42,3,150,0.0,28.7,0.0,0,0,1,55,6300.0,1,3,59.0,76.42857142857143
2025-03-12,Veg Biryani,Main Course,231,67,58,9,150,10.0,24.2,0.0,0,0,1,55,7830.0,2,3,42.0,73.14285714285714
2025-03-13,Veg Biryani,Main Course,302,56,52,4,150,0.0,25.2,0.0,0,0,0,55,7800.0,3,3,58.0,73.28571428571429
2025-03-14,Veg Biryani,Main Course,351,78,73,5,150,0.0,27.1,0.0,0,0,0,55,10950.0,4,3,52.0,72.0
2025-03-15,Veg Biryani,Main Course,505,144,137,7,150,10.0,27.2,1.5,1,0,0,55,18495.0,5,3,73.0,72.42857142857143
2025-03-16,Veg Biryani,Main Course,490,138,130,8,150,0.0,26.0,0.0,1,0,0,55,19500.0,6,3,137.0,76.71428571428571
2025-03-17,Veg Biryani,Main Course,380,77,73,4,150,0.0,22.2,0.0,0,0,0,55,10950.0,0,3,130.0,78.71428571428571
2025-03-18,Veg Biryani,Main Course,365,97,86,11,150,15.0,35.5,0.0,0,0,0,55,10965.0,1,3,73.0,80.71428571428571
2025-03-19,Veg Biryani,Main Course,224,60,54,6,150,5.0,34.8,0.0,0,0,1,55,7695.0,2,3,86.0,87.0
2025-03-20,Veg Biryani,Main Course,331,79,67,12,150,0.0,29.1,1.8,0,0,0,55,10050.0,3,3,54.0,86.42857142857143
2025-03-21,Veg Biryani,Main Course,332,66,58,8,150,0.0,25.0,0.0,0,1,1,55,8700.0,4,3,67.0,88.57142857142857
2025-03-22,Veg Biryani,Main Course,442,124,114,10,150,5.0,26.9,0.0,1,0,0,55,16245.0,5,3,58.0,86.42857142857143
2025-03-23,Veg Biryani,Main Course,449,116,103,13,150,0.0,21.0,0.0,1,0,0,55,15450.0,6,3,114.0,83.14285714285714
2025-03-24,Veg Biryani,Main Course,268,58,50,8,150,0.0,24.0,0.0,0,0,1,55,7500.0,0,3,103.0,79.28571428571429
2025-03-25,Veg Biryani,Main Course,333,91,87,4,150,5.0,34.6,0.0,0,0,0,55,12397.5,1,3,50.0,76.0
2025-03-26,Veg Biryani,Main Course,252,64,60,4,150,0.0,31.4,0.0,0,0,1,55,9000.0,2,3,87.0,76.14285714285714
2025-03-27,Veg Biryani,Main Course,323,80,75,5,150,15.0,39.0,0.6,0,0,0,55,9562.5,3,3,60.0,77.0
2025-03-28,Veg Biryani,Main Course,368,83,79,4,150,15.0,32.5,0.0,0,0,0,55,10072.5,4,3,75.0,78.14285714285714
2025-03-29,Veg Biryani,Main Course,495,132,126,6,150,5.0,38.5,0.0,1,0,0,55,17955.0,5,3,79.0,81.14285714285714
2025-03-30,Veg Biryani,Main Course,461,127,110,17,150,0.0,24.0,0.0,1,0,0,55,16500.0,6,3,126.0,82.85714285714286
2025-03-31,Veg Biryani,Main Course,311,83,79,4,150,0.0,28.0,0.0,0,0,0,55,11850.0,0,3,110.0,83.85714285714286
2025-04-01,Veg Biryani,Main Course,258,69,63,6,150,0.0,29.1,0.0,0,0,1,55,9450.0,1,4,79.0,88.0
2025-04-02,Veg Biryani,Main Course,260,42,40,2,150,0.0,39.3,0.0,0,0,1,55,6000.0,2,4,63.0,84.57142857142857
2025-04-03,Veg Biryani,Main Course,336,100,86,14,150,5.0,32.6,0.0,0,0,0,55,12255.0,3,4,40.0,81.71428571428571
2025-04-04,Veg Biryani,Main Course,342,54,49,5,150,0.0,29.0,0.5,0,0,0,55,7350.0,4,4,86.0,83.28571428571429
2025-04-05,Veg Biryani,Main Course,418,110,103,7,150,0.0,34.0,1.2,1,0,0,55,15450.0,5,4,49.0,79.0
2025-04-06,Veg Biryani,Main Course,418,100,88,12,150,5.0,30.8,0.9,1,0,0,55,12540.0,6,4,103.0,75.71428571428571
2025-04-07,Veg Biryani,Main Course,250,75,65,10,150,15.0,35.8,0.0,0,0,1,55,8287.5,0,4,88.0,72.57142857142857
2025-04-08,Veg Biryani,Main Course,372,97,86,11,150,5.0,32.5,1.1,0,0,0,55,12255.0,1,4,65.0,70.57142857142857
2025-04-09,Veg Biryani,Main Course,280,80,67,13,150,0.0,25.2,0.0,0,0,1,55,10050.0,2,4,86.0,73.85714285714286
2025-04-10,Veg Biryani,Main Course,278,66,57,9,150,5.0,42.9,0.0,0,0,1,55,8122.5,3,4,67.0,77.71428571428571
2025-04-11,Veg Biryani,Main Course,246,76,68,8,150,10.0,28.0,0.0,0,0,1,55,9180.0,4,4,57.0,73.57142857142857
2025-04-12,Veg Biryani,Main Course,484,141,120,21,150,0.0,28.7,0.0,1,0,0,55,18000.0,5,4,68.0,76.28571428571429
2025-04-13,Veg Biryani,Main Course,446,141,130,11,150,15.0,35.5,0.0,1,0,0,55,16575.0,6,4,120.0,78.71428571428571
2025-04-14,Veg Biryani,Main Course,327,77,71,6,150,0.0,35.4,1.8,0,0,0,55,10650.0,0,4,130.0,84.71428571428571
2025-04-15,Veg Biryani,Main Course,338,71,67,4,150,0.0,30.4,0.0,0,0,0,55,10050.0,1,4,71.0,85.57142857142857
2025-04-16,Veg Biryani,Main Course,402,92,87,5,150,5.0,26.6,0.0,0,0,0,55,12397.5,2,4,67.0,82.85714285714286
2025-04-17,Veg Biryani,Main Course,214,45,42,3,150,0.0,27.8,0.2,0,0,1,55,6300.0,3,4,87.0,85.71428571428571
2025-04-18,Veg Biryani,Main Course,296,76,69,7,150,15.0,33.4,0.0,0,0,1,55,8797.5,4,4,42.0,83.57142857142857
2025-04-19,Veg Biryani,Main Course,434,95,86,9,150,0.0,30.7,0.0,1,0,0,55,12900.0,5,4,69.0,83.71428571428571
2025-04-20,Veg Biryani,Main Course,451,121,107,14,150,0.0,33.8,3.5,1,0,0,55,16050.0,6,4,86.0,78.85714285714286
2025-04-21,Veg Biryani,Main Course,322,91,82,9,150,15.0,25.3,0.0,0,0,0,55,10455.0,0,4,107.0,75.57142857142857
2025-04-22,Veg Biryani,Main Course,382,96,85,11,150,0.0,23.9,0.0,0,0,0,55,12750.0,1,4,82.0,77.14285714285714
2025-04-23,Veg Biryani,Main Course,347,78,66,12,150,0.0,27.8,0.7,0,0,0,55,9900.0,2,4,85.0,79.71428571428571
2025-04-24,Veg Biryani,Main Course,309,58,55,3,150,0.0,22.6,0.0,0,0,1,55,8250.0,3,4,66.0,76.71428571428571
2025-04-25,Veg Biryani,Main Course,372,72,64,8,150,0.0,31.5,0.0,0,0,0,55,9600.0,4,4,55.0,78.57142857142857
2025-04-26,Veg Biryani,Main Course,449,116,100,16,150,0.0,34.4,0.9,1,0,0,55,15000.0,5,4,64.0,77.85714285714286
2025-04-27,Veg Biryani,Main Course,452,125,106,19,150,0.0,32.8,0.2,1,0,0,55,15900.0,6,4,100.0,79.85714285714286
2025-04-28,Veg Biryani,Main Course,327,95,87,8,150,15.0,35.5,0.0,0,0,0,55,11092.5,0,4,106.0,79.71428571428571
2025-04-29,Veg Biryani,Main Course,355,60,57,3,150,0.0,26.2,0.0,0,0,0,55,8550.0,1,4,87.0,80.42857142857143
2025-04-30,Veg Biryani,Main Course,290,66,58,8,150,0.0,30.4,0.5,0,0,1,55,8700.0,2,4,57.0,76.42857142857143
2025-05-01,Veg Biryani,Main Course,369,97,84,13,150,0.0,24.5,0.0,0,0,0,55,12600.0,3,5,58.0,75.28571428571429
2025-05-02,Veg Biryani,Main Course,328,71,61,10,150,0.0,30.1,2.7,0,0,0,55,9150.0,4,5,84.0,79.42857142857143
2025-05-03,Veg Biryani,Main Course,473,160,139,21,150,15.0,37.1,0.3,1,0,0,55,17722.5,5,5,61.0,79.0
2025-05-04,Veg Biryani,Main Course,437,134,117,17,150,10.0,30.1,0.0,1,0,0,55,15795.0,6,5,139.0,84.57142857142857
2025-05-05,Veg Biryani,Main Course,315,64,61,3,150,0.0,35.4,0.0,0,0,0,55,9150.0,0,5,117.0,86.14285714285714
2025-05-06,Veg Biryani,Main Course,349,96,83,13,150,5.0,16.8,0.0,0,0,0,55,11827.5,1,5,61.0,82.42857142857143
2025-05-07,Veg Biryani,Main Course,356,74,71,3,150,10.0,19.2,0.0,0,0,0,55,9585.0,2,5,83.0,86.14285714285714
2025-05-08,Veg Biryani,Main Course,350,68,64,4,150,0.0,26.0,0.0,0,0,0,55,9600.0,3,5,71.0,88.0
2025-05-09,Veg Biryani,Main Course,344,76,73,3,150,0.0,33.2,0.0,0,0,0,55,10950.0,4,5,64.0,85.14285714285714
2025-05-10,Veg Biryani,Main Course,394,106,98,8,150,0.0,31.1,0.0,1,0,0,55,14700.0,5,5,73.0,86.85714285714286
2025-05-11,Veg Biryani,Main Course,451,121,108,13,150,0.0,30.8,2.4,1,0,0,55,16200.0,6,5,98.0,81.0
2025-05-12,Veg Biryani,Main Course,365,89,80,9,150,10.0,30.0,0.0,0,0,0,55,10800.0,0,5,108.0,79.71428571428571
2025-05-13,Veg Biryani,Main Course,433,106,94,12,150,0.0,26.8,0.0,0,1,0,55,14100.0,1,5,80.0,82.42857142857143
2025-05-14,Veg Biryani,Main Course,363,82,71,11,150,0.0,33.4,0.0,0,0,0,55,10650.0,2,5,94.0,84.0
2025-05-15,Veg Biryani,Main Course,354,71,67,4,150,5.0,17.0,0.0,0,0,0,55,9547.5,3,5,71.0,84.0
2025-05-16,Veg Biryani,Main Course,324,97,84,13,150,15.0,30.2,0.0,0,0,0,55,10710.0,4,5,67.0,84.42857142857143
2025-05-17,Veg Biryani,Main Course,485,127,109,18,150,0.0,27.0,0.0,1,0,0,55,16350.0,5,5,84.0,86.0
2025-05-18,Veg Biryani,Main Course,477,139,128,11,150,5.0,45.5,0.0,1,0,0,55,18240.0,6,5,109.0,87.57142857142857
2025-05-19,Veg Biryani,Main Course,340,77,67,10,150,0.0,24.5,0.0,0,0,0,55,10050.0,0,5,128.0,90.42857142857143
2025-05-20,Veg Biryani,Main Course,296,59,50,9,150,0.0,26.7,2.4,0,0,0,55,7500.0,1,5,67.0,88.57142857142857
2025-05-21,Veg Biryani,Main Course,334,65,59,6,150,5.0,30.3,0.0,0,0,0,55,8407.5,2,5,50.0,82.28571428571429
2025-05-22,Veg Biryani,Main Course,341,76,64,12,150,0.0,29.2,0.0,0,0,0,55,9600.0,3,5,59.0,80.57142857142857
2025-05-23,Veg Biryani,Main Course,333,64,61,3,150,5.0,25.9,0.0,0,0,0,55,8692.5,4,5,64.0,80.14285714285714
2025-05-24,Veg Biryani,Main Course,475,127,112,15,150,0.0,35.1,0.0,1,0,0,55,16800.0,5,5,61.0,76.85714285714286
2025-05-25,Veg Biryani,Main Course,460,149,134,15,150,15.0,28.1,0.0,1,0,0,55,17085.0,6,5,112.0,77.28571428571429
2025-05-26,Veg Biryani,Main Course,330,90,79,11,150,0.0,25.1,0.0,0,0,0,55,11850.0,0,5,134.0,78.14285714285714
2025-05-27,Veg Biryani,Main Course,367,76,68,8,150,0.0,37.1,0.0,0,0,0,55,10200.0,1,5,79.0,79.85714285714286
2025-05-28,Veg Biryani,Main Course,336,68,61,7,150,0.0,24.9,0.0,0,0,0,55,9150.0,2,5,68.0,82.42857142857143
2025-05-29,Veg Biryani,Main Course,324,72,67,5,150,0.0,32.7,0.0,0,0,0,55,10050.0,3,5,61.0,82.71428571428571
2025-05-30,Veg Biryani,Main Course,344,84,72,12,150,0.0,23.2,0.0,0,0,0,55,10800.0,4,5,67.0,83.14285714285714
2025-05-31,Veg Biryani,Main Course,493,121,108,13,150,0.0,30.6,0.1,1,0,0,55,16200.0,5,5,72.0,84.71428571428571
2025-06-01,Veg Biryani,Main Course,450,122,107,15,150,5.0,20.6,0.0,1,0,0,55,15247.5,6,6,108.0,84.14285714285714
2025-06-02,Veg Biryani,Main Course,348,70,65,5,150,5.0,28.5,0.0,0,0,0,55,9262.5,0,6,107.0,80.28571428571429
2025-06-03,Veg Biryani,Main Course,347,83,79,4,150,10.0,26.9,0.0,0,0,0,55,10665.0,1,6,65.0,78.28571428571429
2025-06-04,Veg Biryani,Main Course,365,83,73,10,150,5.0,20.6,0.6,0,0,0,55,10402.5,2,6,79.0,79.85714285714286
2025-06-05,Veg Biryani,Main Course,360,84,73,11,150,0.0,32.1,0.0,0,0,0,55,10950.0,3,6,73.0,81.57142857142857
2025-06-06,Veg Biryani,Main Course,373,67,63,4,150,0.0,25.1,0.6,0,0,0,55,9450.0,4,6,73.0,82.42857142857143
2025-06-07,Veg Biryani,Main Course,429,127,109,18,150,0.0,34.5,0.0,1,0,0,55,16350.0,5,6,63.0,81.14285714285714
2025-06-08,Veg Biryani,Main Course,410,129,110,19,150,10.0,31.7,1.6,1,0,0,55,14850.0,6,6,109.0,81.28571428571429
2025-06-09,Veg Biryani,Main Course,380,100,86,14,150,5.0,31.6,0.8,0,0,0,55,12255.0,0,6,110.0,81.71428571428571
2025-06-10,Veg Biryani,Main Course,389,92,84,8,150,15.0,28.2,0.0,0,0,0,55,10710.0,1,6,86.0,84.71428571428571
2025-06-11,Veg Biryani,Main Course,377,91,85,6,150,0.0,37.4,0.0,0,0,0,55,12750.0,2,6,84.0,85.42857142857143
2025-06-12,Veg Biryani,Main Course,361,75,69,6,150,0.0,32.1,0.0,0,0,0,55,10350.0,3,6,85.0,87.14285714285714
2025-06-13,Veg Biryani,Main Course,360,100,84,16,150,5.0,26.2,0.0,0,0,0,55,11970.0,4,6,69.0,86.57142857142857
2025-06-14,Veg Biryani,Main Course,431,108,101,7,150,0.0,29.0,0.4,1,0,0,55,15150.0,5,6,84.0,89.57142857142857
2025-06-15,Veg Biryani,Main Course,440,115,105,10,150,0.0,27.1,0.4,1,0,0,55,15750.0,6,6,101.0,88.42857142857143
2025-06-16,Veg Biryani,Main Course,329,73,65,8,150,5.0,29.6,0.0,0,0,0,55,9262.5,0,6,105.0,87.71428571428571
2025-06-17,Veg Biryani,Main Course,266,52,47,5,150,10.0,34.2,0.0,0,0,0,55,6345.0,1,6,65.0,84.71428571428571
2025-06-18,Veg Biryani,Main Course,320,73,67,6,150,10.0,37.4,1.3,0,0,0,55,9045.0,2,6,47.0,79.42857142857143
2025-06-19,Veg Biryani,Main Course,332,81,70,11,150,0.0,25.8,1.7,0,0,0,55,10500.0,3,6,67.0,76.85714285714286
2025-06-20,Veg Biryani,Main Course,345,82,72,10,150,0.0,31.5,0.0,0,0,0,55,10800.0,4,6,70.0,77.0
2025-06-21,Veg Biryani,Main Course,433,106,101,5,150,0.0,19.3,0.0,1,0,0,55,15150.0,5,6,72.0,75.28571428571429
2025-06-22,Veg Biryani,Main Course,481,143,121,22,150,0.0,27.7,0.0,1,0,0,55,18150.0,6,6,101.0,75.28571428571429
2025-06-23,Veg Biryani,Main Course,320,72,66,6,150,10.0,31.3,0.0,0,0,0,55,8910.0,0,6,121.0,77.57142857142857
2025-06-24,Veg Biryani,Main Course,340,70,66,4,150,0.0,21.8,0.0,0,0,0,55,9900.0,1,6,66.0,77.71428571428571
2025-06-25,Veg Biryani,Main Course,365,101,93,8,150,10.0,37.6,0.0,0,0,0,55,12555.0,2,6,66.0,80.42857142857143
2025-06-26,Veg Biryani,Main Course,348,86,75,11,150,5.0,20.4,0.0,0,0,0,55,10687.5,3,6,93.0,84.14285714285714
2025-06-27,Veg Biryani,Main Course,357,67,57,10,150,0.0,30.5,5.9,0,0,0,55,8550.0,4,6,75.0,84.85714285714286
2025-06-28,Veg Biryani,Main Course,444,145,130,15,150,10.0,22.4,0.0,1,0,0,55,17550.0,5,6,57.0,82.71428571428571
2025-06-29,Veg Biryani,Main Course,439,138,131,7,150,15.0,29.7,0.0,1,0,0,55,16702.5,6,6,130.0,86.85714285714286
2025-06-30,Veg Biryani,Main Course,327,70,60,10,150,0.0,31.3,0.0,0,0,0,55,9000.0,0,6,131.0,88.28571428571429
2025-07-01,Veg Biryani,Main Course,320,93,78,15,150,0.0,36.4,0.3,0,0,0,55,11700.0,1,7,60.0,87.42857142857143
2025-07-02,Veg Biryani,Main Course,395,98,88,10,150,10.0,26.3,0.0,0,0,0,55,11880.0,2,7,78.0,89.14285714285714
2025-07-03,Veg Biryani,Main Course,317,85,78,7,150,5.0,33.8,5.7,0,0,0,55,11115.0,3,7,88.0,88.42857142857143
2025-07-04,Veg Biryani,Main Course,324,78,66,12,150,5.0,26.4,0.0,0,0,0,55,9405.0,4,7,78.0,88.85714285714286
2025-07-05,Veg Biryani,Main Course,402,96,91,5,150,0.0,27.5,0.0,1,0,0,55,13650.0,5,7,66.0,90.14285714285714
2025-07-06,Veg Biryani,Main Course,451,153,129,24,150,10.0,26.8,0.0,1,0,0,55,17415.0,6,7,91.0,84.57142857142857
2025-07-07,Veg Biryani,Main Course,319,73,67,6,150,5.0,26.7,0.0,0,0,0,55,9547.5,0,7,129.0,84.28571428571429
2025-07-08,Veg Biryani,Main Course,365,97,88,9,150,10.0,28.4,0.8,0,0,0,55,11880.0,1,7,67.0,85.28571428571429
2025-07-09,Veg Biryani,Main Course,317,71,60,11,150,0.0,39.1,0.0,0,0,0,55,9000.0,2,7,88.0,86.71428571428571
2025-07-10,Veg Biryani,Main Course,361,93,84,9,150,0.0,34.5,0.0,0,0,0,55,12600.0,3,7,60.0,82.71428571428571
2025-07-11,Veg Biryani,Main Course,392,78,69,9,150,0.0,25.1,0.0,0,1,0,55,10350.0,4,7,84.0,83.57142857142857
2025-07-12,Veg Biryani,Main Course,476,124,108,16,150,0.0,21.7,0.0,1,0,0,55,16200.0,5,7,69.0,84.0
2025-07-13,Veg Biryani,Main Course,479,123,116,7,150,0.0,26.4,0.0,1,0,0,55,17400.0,6,7,108.0,86.42857142857143
2025-07-14,Veg Biryani,Main Course,363,85,79,6,150,0.0,30.4,0.0,0,0,0,55,11850.0,0,7,116.0,84.57142857142857
2025-07-15,Veg Biryani,Main Course,380,95,83,12,150,5.0,31.7,0.0,0,0,0,55,11827.5,1,7,79.0,86.28571428571429
2025-07-16,Veg Biryani,Main Course,324,59,56,3,150,0.0,40.4,0.0,0,0,0,55,8400.0,2,7,83.0,85.57142857142857
2025-07-17,Veg Biryani,Main Course,370,100,90,10,150,5.0,27.1,0.0,0,0,0,55,12825.0,3,7,56.0,85.0
2025-07-18,Veg Biryani,Main Course,380,114,105,9,150,15.0,24.9,0.0,0,0,0,55,13387.5,4,7,90.0,85.85714285714286
2025-07-19,Veg Biryani,Main Course,426,110,96,14,150,0.0,25.1,0.0,1,0,0,55,14400.0,5,7,105.0,91.0
2025-07-20,Veg Biryani,Main Course,424,121,107,14,150,0.0,21.6,0.7,1,0,0,55,16050.0,6,7,96.0,89.28571428571429
2025-07-21,Veg Biryani,Main Course,331,98,84,14,150,0.0,34.0,0.9,0,0,0,55,12600.0,0,7,107.0,88.0
2025-07-22,Veg Biryani,Main Course,339,89,81,8,150,15.0,26.6,0.0,0,0,0,55,10327.5,1,7,84.0,88.71428571428571
2025-07-23,Veg Biryani,Main Course,311,80,71,9,150,5.0,36.9,0.0,0,0,0,55,10117.5,2,7,81.0,88.42857142857143
2025-07-24,Veg Biryani,Main Course,339,55,47,8,150,0.0,28.1,0.7,0,0,0,55,7050.0,3,7,71.0,90.57142857142857
2025-07-25,Veg Biryani,Main Course,402,94,88,6,150,10.0,30.3,0.3,0,0,0,55,11880.0,4,7,47.0,84.42857142857143
2025-07-26,Veg Biryani,Main Course,397,114,109,5,150,0.0,34.9,0.0,1,0,0,55,16350.0,5,7,88.0,82.0
2025-07-27,Veg Biryani,Main Course,445,157,134,23,150,15.0,35.2,0.0,1,0,0,55,17085.0,6,7,109.0,83.85714285714286
2025-07-28,Veg Biryani,Main Course,357,63,53,10,150,0.0,31.7,1.8,0,0,0,55,7950.0,0,7,134.0,87.71428571428571
2025-07-29,Veg Biryani,Main Course,378,99,92,7,150,0.0,24.1,0.0,0,0,0,55,13800.0,1,7,53.0,83.28571428571429
2025-07-30,Veg Biryani,Main Course,386,69,64,5,150,0.0,33.4,0.0,0,0,0,55,9600.0,2,7,92.0,84.85714285714286
2025-07-31,Veg Biryani,Main Course,364,87,74,13,150,0.0,23.5,0.0,0,0,0,55,11100.0,3,7,64.0,83.85714285714286
2025-08-01,Veg Biryani,Main Course,323,58,54,4,150,0.0,25.9,0.0,0,0,0,55,8100.0,4,8,74.0,87.71428571428571
2025-08-02,Veg Biryani,Main Course,557,177,168,9,150,15.0,33.0,3.3,1,1,0,55,21420.0,5,8,54.0,82.85714285714286
2025-08-03,Veg Biryani,Main Course,469,142,122,20,150,5.0,34.0,0.0,1,0,0,55,17385.0,6,8,168.0,91.28571428571429
2025-08-04,Veg Biryani,Main Course,329,72,66,6,150,0.0,22.7,0.0,0,0,0,55,9900.0,0,8,122.0,89.57142857142857
2025-08-05,Veg Biryani,Main Course,335,97,85,12,150,15.0,35.0,0.0,0,0,0,55,10837.5,1,8,66.0,91.42857142857143
2025-08-06,Veg Biryani,Main Course,346,88,81,7,150,5.0,31.7,0.0,0,0,0,55,11542.5,2,8,85.0,90.42857142857143
2025-08-07,Veg Biryani,Main Course,355,115,100,15,150,10.0,23.3,0.0,0,0,0,55,13500.0,3,8,81.0,92.85714285714286
2025-08-08,Veg Biryani,Main Course,426,124,112,12,150,15.0,25.4,0.0,0,1,0,55,14280.0,4,8,100.0,96.57142857142857
2025-08-09,Veg Biryani,Main Course,476,121,109,12,150,0.0,30.1,0.0,1,0,0,55,16350.0,5,8,112.0,104.85714285714286
2025-08-10,Veg Biryani,Main Course,469,106,101,5,150,0.0,38.3,0.0,1,0,0,55,15150.0,6,8,109.0,96.42857142857143
2025-08-11,Veg Biryani,Main Course,312,64,58,6,150,0.0,23.8,0.0,0,0,0,55,8700.0,0,8,101.0,93.42857142857143
2025-08-12,Veg Biryani,Main Course,357,83,76,7,150,0.0,31.5,1.2,0,0,0,55,11400.0,1,8,58.0,92.28571428571429
2025-08-13,Veg Biryani,Main Course,319,81,77,4,150,15.0,20.8,0.0,0,0,0,55,9817.5,2,8,76.0,91.0
2025-08-14,Veg Biryani,Main Course,356,77,71,6,150,5.0,36.5,2.9,0,0,0,55,10117.5,3,8,77.0,90.42857142857143
2025-08-15,Veg Biryani,Main Course,382,73,62,11,150,0.0,34.0,1.2,0,0,0,55,9300.0,4,8,71.0,86.28571428571429
2025-08-16,Veg Biryani,Main Course,479,159,150,9,150,15.0,31.3,0.0,1,0,0,55,19125.0,5,8,62.0,79.14285714285714
2025-08-17,Veg Biryani,Main Course,432,135,125,10,150,10.0,26.9,0.0,1,0,0,55,16875.0,6,8,150.0,85.0
2025-08-18,Veg Biryani,Main Course,336,76,64,12,150,0.0,29.2,0.0,0,0,0,55,9600.0,0,8,125.0,88.42857142857143
2025-08-19,Veg Biryani,Main Course,313,71,64,7,150,0.0,24.5,0.0,0,0,0,55,9600.0,1,8,64.0,89.28571428571429
2025-08-20,Veg Biryani,Main Course,336,91,78,13,150,0.0,29.2,0.0,0,0,0,55,11700.0,2,8,64.0,87.57142857142857
2025-08-21,Veg Biryani,Main Course,331,70,59,11,150,0.0,32.9,0.0,0,0,0,55,8850.0,3,8,78.0,87.71428571428571
2025-08-22,Veg Biryani,Main Course,374,107,92,15,150,5.0,21.9,0.1,0,0,0,55,13110.0,4,8,59.0,86.0
2025-08-23,Veg Biryani,Main Course,487,143,122,21,150,5.0,21.8,0.0,1,0,0,55,17385.0,5,8,92.0,90.28571428571429
2025-08-24,Veg Biryani,Main Course,451,127,113,14,150,5.0,20.6,0.0,1,0,0,55,16102.5,6,8,122.0,86.28571428571429
2025-08-25,Veg Biryani,Main Course,359,102,91,11,150,0.0,23.6,0.0,0,0,0,55,13650.0,0,8,113.0,84.57142857142857
2025-08-26,Veg Biryani,Main Course,298,67,64,3,150,0.0,21.5,0.0,0,0,0,55,9600.0,1,8,91.0,88.42857142857143
2025-08-27,Veg Biryani,Main Course,334,64,61,3,150,0.0,26.4,0.0,0,0,0,55,9150.0,2,8,64.0,88.42857142857143
2025-08-28,Veg Biryani,Main Course,355,102,94,8,150,10.0,39.2,0.7,0,0,0,55,12690.0,3,8,61.0,86.0
2025-08-29,Veg Biryani,Main Course,369,74,70,4,150,0.0,31.0,0.0,0,0,0,55,10500.0,4,8,94.0,91.0
2025-08-30,Veg Biryani,Main Course,458,119,101,18,150,0.0,31.0,0.0,1,0,0,55,15150.0,5,8,70.0,87.85714285714286
2025-08-31,Veg Biryani,Main Course,419,110,97,13,150,0.0,28.2,6.3,1,1,0,55,14550.0,6,8,101.0,84.85714285714286
2025-09-01,Veg Biryani,Main Course,322,85,72,13,150,0.0,33.8,0.0,0,0,0,55,10800.0,0,9,97.0,82.57142857142857
2025-09-02,Veg Biryani,Main Course,337,66,58,8,150,0.0,36.1,0.0,0,0,0,55,8700.0,1,9,72.0,79.85714285714286
2025-09-03,Veg Biryani,Main Course,357,80,77,3,150,5.0,21.6,0.0,0,0,0,55,10972.5,2,9,58.0,79.0
2025-09-04,Veg Biryani,Main Course,359,77,73,4,150,5.0,36.7,0.0,0,0,0,55,10402.5,3,9,77.0,81.28571428571429
2025-09-05,Veg Biryani,Main Course,343,75,65,10,150,0.0,36.3,0.0,0,0,0,55,9750.0,4,9,73.0,78.28571428571429
2025-09-06,Veg Biryani,Main Course,474,127,121,6,150,0.0,29.5,0.0,1,0,0,55,18150.0,5,9,65.0,77.57142857142857
2025-09-07,Veg Biryani,Main Course,477,119,100,19,150,0.0,34.7,0.0,1,0,0,55,15000.0,6,9,121.0,80.42857142857143
2025-09-08,Veg Biryani,Main Course,320,90,76,14,150,15.0,29.0,0.0,0,0,0,55,9690.0,0,9,100.0,80.85714285714286
2025-09-09,Veg Biryani,Main Course,358,98,91,7,150,0.0,30.1,0.0,0,0,0,55,13650.0,1,9,76.0,81.42857142857143
2025-09-10,Veg Biryani,Main Course,387,82,73,9,150,0.0,29.6,0.0,0,0,0,55,10950.0,2,9,91.0,86.14285714285714
2025-09-11,Veg Biryani,Main Course,347,74,63,11,150,0.0,31.0,0.0,0,0,0,55,9450.0,3,9,73.0,85.57142857142857
2025-09-12,Veg Biryani,Main Course,369,94,85,9,150,15.0,22.1,0.0,0,1,0,55,10837.5,4,9,63.0,84.14285714285714
2025-09-13,Veg Biryani,Main Course,462,127,107,20,150,0.0,27.0,0.0,1,0,0,55,16050.0,5,9,85.0,87.0
2025-09-14,Veg Biryani,Main Course,432,118,109,9,150,0.0,38.2,0.7,1,0,0,55,16350.0,6,9,107.0,85.0
2025-09-15,Veg Biryani,Main Course,376,101,88,13,150,0.0,28.3,0.0,0,0,0,55,13200.0,0,9,109.0,86.28571428571429
2025-09-16,Veg Biryani,Main Course,342,82,76,6,150,0.0,19.7,0.0,0,0,0,55,11400.0,1,9,88.0,88.0
2025-09-17,Veg Biryani,Main Course,339,71,63,8,150,0.0,33.6,0.0,0,0,0,55,9450.0,2,9,76.0,85.85714285714286
2025-09-18,Veg Biryani,Main Course,401,94,89,5,150,0.0,18.1,1.6,0,0,0,55,13350.0,3,9,63.0,84.42857142857143
2025-09-19,Veg Biryani,Main Course,327,90,76,14,150,5.0,31.7,0.0,0,0,0,55,10830.0,4,9,89.0,88.14285714285714
2025-09-20,Veg Biryani,Main Course,448,136,122,14,150,0.0,27.3,0.0,1,0,0,55,18300.0,5,9,76.0,86.85714285714286
2025-09-21,Veg Biryani,Main Course,427,130,110,20,150,0.0,28.3,0.0,1,0,0,55,16500.0,6,9,122.0,89.0
2025-09-22,Veg Biryani,Main Course,310,84,76,8,150,10.0,31.6,0.2,0,0,0,55,10260.0,0,9,110.0,89.14285714285714
2025-09-23,Veg Biryani,Main Course,386,99,86,13,150,0.0,31.5,0.0,0,1,0,55,12900.0,1,9,76.0,87.42857142857143
2025-09-24,Veg Biryani,Main Course,382,101,86,15,150,5.0,31.6,0.0,0,0,0,55,12255.0,2,9,86.0,88.85714285714286
2025-09-25,Veg Biryani,Main Course,338,92,85,7,150,15.0,32.8,0.0,0,0,0,55,10837.5,3,9,86.0,92.14285714285714
2025-09-26,Veg Biryani,Main Course,316,75,66,9,150,0.0,25.2,0.0,0,0,0,55,9900.0,4,9,85.0,91.57142857142857
2025-09-27,Veg Biryani,Main Course,437,131,121,10,150,5.0,25.4,1.5,1,0,0,55,17242.5,5,9,66.0,90.14285714285714
2025-09-28,Veg Biryani,Main Course,469,134,121,13,150,5.0,24.5,0.0,1,0,0,55,17242.5,6,9,121.0,90.0
2025-09-29,Veg Biryani,Main Course,384,94,88,6,150,0.0,34.3,0.0,0,0,0,55,13200.0,0,9,121.0,91.57142857142857
2025-09-30,Veg Biryani,Main Course,328,86,72,14,150,0.0,26.6,0.0,0,0,0,55,10800.0,1,9,88.0,93.28571428571429
2025-10-01,Veg Biryani,Main Course,335,80,72,8,150,0.0,26.7,0.0,0,0,0,55,10800.0,2,10,72.0,91.28571428571429
2025-10-02,Veg Biryani,Main Course,350,85,77,8,150,10.0,30.7,0.0,0,0,0,55,10395.0,3,10,72.0,89.28571428571429
2025-10-03,Veg Biryani,Main Course,386,75,67,8,150,0.0,26.7,0.0,0,0,0,55,10050.0,4,10,77.0,88.14285714285714
2025-10-04,Veg Biryani,Main Course,417,107,96,11,150,0.0,33.2,0.0,1,0,0,55,14400.0,5,10,67.0,88.28571428571429
2025-10-05,Veg Biryani,Main Course,457,122,115,7,150,0.0,28.0,0.9,1,0,0,55,17250.0,6,10,96.0,84.71428571428571
2025-10-06,Veg Biryani,Main Course,391,88,82,6,150,15.0,26.8,0.0,0,0,0,55,10455.0,0,10,115.0,83.85714285714286
2025-10-07,Veg Biryani,Main Course,372,65,62,3,150,0.0,27.1,0.0,0,0,0,55,9300.0,1,10,82.0,83.0
2025-10-08,Veg Biryani,Main Course,338,96,87,9,150,15.0,30.6,0.0,0,0,0,55,11092.5,2,10,62.0,81.57142857142857
2025-10-09,Veg Biryani,Main Course,353,87,76,11,150,0.0,33.0,0.0,0,0,0,55,11400.0,3,10,87.0,83.71428571428571
2025-10-10,Veg Biryani,Main Course,348,103,92,11,150,15.0,24.1,0.0,0,0,0,55,11730.0,4,10,76.0,83.57142857142857
2025-10-11,Veg Biryani,Main Course,445,122,104,18,150,0.0,28.6,0.0,1,0,0,55,15600.0,5,10,92.0,87.14285714285714
2025-10-12,Veg Biryani,Main Course,459,128,110,18,150,5.0,33.4,3.0,1,0,0,55,15675.0,6,10,104.0,88.28571428571429
2025-10-13,Veg Biryani,Main Course,356,68,59,9,150,0.0,28.4,0.0,0,0,0,55,8850.0,0,10,110.0,87.57142857142857
2025-10-14,Veg Biryani,Main Course,395,91,82,9,150,0.0,40.7,0.0,0,0,0,55,12300.0,1,10,59.0,84.28571428571429
2025-10-15,Veg Biryani,Main Course,357,75,71,4,150,0.0,31.5,0.0,0,0,0,55,10650.0,2,10,82.0,87.14285714285714
2025-10-16,Veg Biryani,Main Course,353,80,75,5,150,0.0,28.1,0.0,0,0,0,55,11250.0,3,10,71.0,84.85714285714286
2025-10-17,Veg Biryani,Main Course,329,50,44,6,150,0.0,29.3,0.0,0,0,0,55,6600.0,4,10,75.0,84.71428571428571
2025-10-18,Veg Biryani,Main Course,416,104,99,5,150,0.0,26.6,0.0,1,0,0,55,14850.0,5,10,44.0,77.85714285714286
2025-10-19,Veg Biryani,Main Course,432,144,121,23,150,5.0,32.2,2.4,1,0,0,55,17242.5,6,10,99.0,77.14285714285714
2025-10-20,Veg Biryani,Main Course,356,60,57,3,150,0.0,26.5,0.0,0,0,0,55,8550.0,0,10,121.0,78.71428571428571
2025-10-21,Veg Biryani,Main Course,356,103,87,16,150,5.0,27.8,0.0,0,0,0,55,12397.5,1,10,57.0,78.42857142857143
2025-10-22,Veg Biryani,Main Course,327,77,73,4,150,5.0,30.5,0.0,0,0,0,55,10402.5,2,10,87.0,79.14285714285714
2025-10-23,Veg Biryani,Main Course,350,68,58,10,150,0.0,32.4,0.0,0,0,0,55,8700.0,3,10,73.0,79.42857142857143
2025-10-24,Veg Biryani,Main Course,359,99,89,10,150,15.0,37.6,0.0,0,0,0,55,11347.5,4,10,58.0,77.0
2025-10-25,Veg Biryani,Main Course,488,140,120,20,150,0.0,27.9,0.0,1,0,0,55,18000.0,5,10,89.0,83.42857142857143
2025-10-26,Veg Biryani,Main Course,441,141,127,14,150,15.0,30.4,0.0,1,0,0,55,16192.5,6,10,120.0,86.42857142857143
2025-10-27,Veg Biryani,Main Course,376,86,75,11,150,0.0,23.2,0.0,0,0,0,55,11250.0,0,10,127.0,87.28571428571429
